15910259937

18500107373
13070101771




15022254015
18311465636




18434565626


18660097664


15116908211
18600106880



13167512974
15331813686


18310860599


15898192932
13120352876





15001382029

15810206102
17701250419
13572865728

18600231115
13801139981

18500100456

13301361200
15776899439


18856165806


13811519117

13701242798
15810404875
17067330922
17600711586



15712875829
13848660188
18810843159
13521541227
13811590237
17600226988

15623852116


13520127207
15810007062
13601360080





13396162058

15801527209

18732898132
18618397951

13426139548
18745897976


13552161208
18010040684
13521391745









13910144895
15811369694
18813092267
13611193211
15710084353






18330691700
18519786927

18301390411


18600688211
13581945061











15910410422
13701388100
18810629099
18600672780
18501018989


15233342023
13929431905
18663203511
15711239520
17090378090
13661048486




17082255643
15313006251
18310318137
15235523997
13552385126
15947130370
13601131622
18612140403




18311188498
15910224362


17010058760


18500374729
13225024469

13718498939
18811471803



15210550564

18833189626

13810382379

18612229454











15754337464









18519580146
13501112441
13810431723






13570443284
13426268901




15218739696
13611235226
18300617177
15811008413
13381289935
18611316913






18435161445
13910130969
18801133458


18515569000
18701361553
13911117446
13521291794
15208992669










18513853726

13911455577
18513885411
13331035157

13811755655



13873449857






18500188316
18910942890
13674838639


15810236154
13261934433

15855613086



15811058720
18602728604





18510631314

18811496621
13264015676



18600829949
13701089125
13671151267
13693352784
15201383615
15253419527
13383021130






13213173131
13911141874



13082333325

18844501176
13693349231
18813151668
18537152213












18611742891
13716887263
15201633022
13718176962
15910972918
18538119553
15810960673



15010884791
13683152378
13718951729


















13554016429
18601226267
13011252223
18600665895
13720093756
18211002522
17601062916
18614038076
13171916302
18611780426


18510406044
18911552243
15632608611


18082880420











18310350376
13419501263
13681169749
13910110897




15620394385
13466365370
15210657627
13240903456

13311530366

13466328141



17710059003
18653188458
17610063123

18515076537

15653918678
13521065537

18810266490
18180639125
13810063375


18601925174
15001303304
15011244631
18404906165
15116918708
18500986723
18601944828

18600255389
13466309603




15801261881

15011342695










18710181893
18612201985
13691502874
18301680835
17745685539
13488816371
13641159075
13639917467

18833302205
15011263665
















18204044771
18410408660
13661186921
13464070023
17695463947
18639880121

13651191698
17507988908





13811835135
18297975098
13910585813
18611378178
13581770586
18800174855
13681575011
18226603565




18010037256
15510605961
18504345966
13811917199





15350715115
13810864790

13313161313
985466877



15232986626
13233556167
18614029276
13084156590
18600862405
18646241611


19933109436

13911170698
18600082976
13649249529

18813681796
18401472158

13810366871

13683236183
13811532010
18500205385





13904189506




15810585689

18510707260



17802598051
13910760832
13488888257


13826557614



18101131510
15011368283





18611474847
15911014148

13366034726




13810777797





18612582560
13126593647

18722612135


18612703536
13911075627

13810676898

15010736742

18331871835
15001271131

13583957539


18618141219
13811944906

17600291234
15801129961

15101027826
13426330964

17865173130

18910176771
18518871353

13911155238
15147597762

15513281805




15001379809
17600295566
18611645176





18600827770











15321501622
18601283640
13020062543
13965366981
15901102568
13811521867

18911257426
17301323451
15600061122
13811373202




18301211574

15210684302









15210983772
13404814383
13141138105
18210793958
18610696624


15618580992
17602265424
18610212811



13554556787
13520753746


13845530220

18600211907
18829286562
13763066073

13601372866


18688269741


13255922151



13311082909



13552086696




18811456843
15630444324
13564313424
13240425230
15211775566


15810879268
18810788574
13901229383
18210293785



18647517520
18911136469




13545139521
15939305286

15201655099
15968831432
18712717331

13611299619

15010600000

18765951015

15110220426

13651610453

15618329959
18610225518

13951703117
18992761183


18201014163
15692008410




15201147052


15801182011
13521681676




17896005003




13366052173
13311151882

18622687346

15901531137
13683566079

13521631539



13663313600




17553106929



15210945967

17600876006
15832109192
18610324797

18611836721
13717509568



13159852158
18610548321
13718477557


18010178129

13521404254



13466369849
18222329153
18779573765




15044789984
15904606203
19336818377
15810886715
19820107888



18616294595


17301361440




18801232206
18028684880
13811182321






13766771022
18600552589


18235111563






18610709036

13722512546


18611464756


13778358154


13051536119





18693093211
15510458505
15810169945
13311312150
15172680452
18636756767
18001190325
13196058319
15699961633
13696136521
18746747074
13717894005
13718295767
18610928862
15652057618

18611257777

15995413308
13436544304













15047219612
18500001916

15206715048
13581800915
15765543856
18233117708



13621036130
13611094861




18501397479
18510776602



18337825566
13699268422
15516105557





17301085752
13911583431
18618417876
13954582285
18601246870
13161058859
18612261547
13718263911
15120051811
15810209996

18618276981
15201284291
18910259952
15811036809

18911394690



18613327345
13888626395
13225382605
18202492925

13501355958



15510366708

13810350521

18210418186
17600057155
13810450064
13601100285
18710972846



13466604031

18241896297


15810011725




18062554625

13521944417
13552726494




15001065260
15922057597
13522749814

13126873946
13911827185

13716977319
13910044177
15801662538
17701085431

18810536011

13911396718


13466722277





15011536441

18710053584


18722481182


18571586288



17310833750
15811558355
18710000718




13716103209



18810401597

13716056852

18310708712

15511625186
18386180545
13148452845

18613371874

18611311441






15810143214



13522038505
13810658831

13522037971



18610489522


15811341597




13624506754
18601028422

13641229960
18613362620
17090075129
13947216161




18630281653






15331842785

15001083222


18393666076
18310019871
13911118752

13110066666

15031072703

18310453350
15701645860


13311380896
15910410979

18701592656
18500482577


18810773537
13716586575


15201568527



13011383820

13487067036
15944077070
18600093699

13699194692
18610872576
13478905643

15234092683
13520331296
18210576933
15321612398
13521114298



13241407383




13511352480

13811014413
18311109916
13810728805

18211123642



18610145280






17801048659
17746513940
13699135784
13683660673
13911570347
18137801314
18911630825
15909281332
13011888035
617346394
13426441064


18979665601
15910586302

13693097989
13691078618










13546493051




15101158976
13552460857




13321164671
15811232683
13426458090



13331106801
13301221917
13466437445
18618209733







13701177502
15375355126



18035052942

13552636336

15600059309
18611248961

15101165369
13501139225


15947322362


13376218616




15810348791

18301197665
13811155704

13810447236
15868286288



18701671299
13811223056
15011368892

17803477516
15611496801
13071119882

13718348980
18611769075
18510575876
15019912022
15201667154

18001325100



18687717736





18911520656
13520163298


13683605567
13466323400
15600131622



13021981806
18511026727



18902066721
18600520844
18611799374
13073245237
15204607731
18614071597
13718046466
18911137787
13691076523


18867859671
13121272020

18298886586


18500032855


13661181403

13488713396


13933771676

13106580487
13910789501

15010878208
15853867125
13693082954



18810810916



15010521077
15910878687


13315531490
13716878929


15201539095
13651243923

13439994805
13552069157


13683595923
13511014973
18612253987
18618421196
15947024383

18611387493
18366151420
18510239121
15830689173
18612349966

13466555062

13911042771




18299882708
13910023301
13910323915
18611890450
13120288763

18610816295



13911580716
18233484794

13683562389
18701261205



13005233033
18611546622

15801908028
13126832908


15510362266

18710195265
18801008262

18701650365
13777583852








18210586337
13426408267











18511475072

15802463497


13911826586






13811718020

13051310193

13621028105



18813029301

13931724776

13843322770
13522169625
18610048569
13811500525
18831305323
18911909201
18732194355
18911692220
15910721355










15531172671
13832819499

13671309529
18611171062



18335161907








15601376248
18500525978

18600950094
13717988983
13081545481
13523590617












13601198545
18910753710

13426361253
13651256763

13611038794


18712793177


18612051557
15032597850




13120021500
13681155586



13516055745
18001222228
18600079385

18811630693
15251585288



15826406001
18531612831
13718484063







13641196225
15810217824
13691596875
13511015679
15010298487
1808740776

18717765592
13261215226


13653424587








13520836350
18514081169


15896632256




15210957243



15321157987

13501250887
13693081686
18610185690
13264108129
18701298939
18511533311

13810535590
15810183913





15210057735


18805483620
18910960016


13811889524
13370126126


13693283637



18643120796
13910767860


13905182103

18600649920
17310651701



18203216844
18135675982
13240473913
15300148851

18501370509

18311006816
17338131980
13718765565
18211050372




13141310748
13811299120
15621861960
17070020029
18701967290
15135118982

13753165837
13624259979

18209271622









17826081787

15720607868

13914747555


18636936682
18435117747
18856329022
13270391602

13453144960
15034087620
13439689972


18660664023
13754864783
18551628328
18801054807
18761835177
13921422938


19903516882







13671223557

18910942032

18612540424
18600489579
15810273358
13146664632
13911309104

13849274668

18612391396

13810302689




17310855466
15993793976
13480974536
15601082006
18614070701
13521843696

18210312655
13146909192


13794459208





15631296134
13501005199
15011009135

18731445665
15503966150

13716623361
15712892701
13621212447
18013522888






18615311350
18501998910
15210585467
18522885866
18392127223
13810781036






18910804018









15910239655


15110096877
13867991957

18534988001

13671259503
13581569241

13681517364
15615586790
13797443158





13681679301

18233586642




18612852725



15951886059
13552052298






18511949166


17631815305
15801388364
15697562971
13385559121

13910628016





13728661580
15699879125
18310176770
17695991972


13811743043



17611378913

13409588102







13783281566
15810753265
13488788068








13601337473





17600080407

15851527869
13501285059

18703560453
13426087958


13699157198
13910638910

13966571231
13663469055
13552048610

13501155288

17370014446


















18610840065
17798081103

18301149938



16675147525

17744469627




18510886690


15145227219
18531003358
13359853500


13501324610

15611969124



15810174576


18612283701


15321655681
18862734796

15693605093

15232239779




15652236304


13901276840





15168496515
15090138439











13701282925
13520718591


15921910709

13718116181





15810922151





15001361354





13810293516

13311260199

13601279901

15811175588
15801671323
17866151613
15101186530





18606590421




18201626198


18610213847
13910073239

13910114097
15851989535
13488830925









15003111112
18500081157
13810754485
13910822727
15010372286
15171238063
18601046103
15210299832

18701583566

13651175221



15898441175
18600003262

13611252230
15810524907
19932633112
13051671960
18301692736
13466400629
13520823456
18910775598
18101209553
15611212327
18987502988












15111214947


15910202857



18753165585
1696106501




15321222808
13518905388
18610097890


17343041371


15806772298



18676754507



18510318650
13581709518
18230189496

15135071352
18611024124


18201470909

13810003347
15210965651
18800018609

18710030040
13301187990

15810116070
18822320168

13120268023
13803275908


15011235721



13718692672

15771359347
15061986831
18311451288
15122280216
18844195652

17695433605

13691037135

13932151695


13271320701


18626971313

15726606758



18911507676
15127461081

18686167499

15810822267
17817229026
15675517375


18101054704
13910739060
15311719595
18911696382
18811087366
13488696660
13718869803









13872365562
15652002121
18210136460
18616313431







13121555258

13701094183
13174456321
13811378797

18811417703
18993873920
15910350702
13601171130

15982003007
13843670061



13803636918


13028839820

13693220000

18504785509
13663131121


17560304205
15810868200
15340771758

15620921501
18947925518
18910944026




15231128990
13301017319


18631699910



13810291490




18612450897
18701008399

18345407777
18610095173
13611224379
13436847675
15600598555




18731615047
15910688606

18611638031
13718113568

15609856698
15712902767




13110003603


18180452561

15004190433


13260094033
15901550439
13671068153
15810620301
13911539039
18765215999
18500020917
18611069160
15854260326
13601088173



13811648138



15210465105
18626273196
13911286924
13810787222
15040157766
15901118757
15701308163
13651199998
13466415842















18610495622
15296749796
18663713791
15210416145
17731750225
13581635976

13598038737


13910851708
17316286072
18518758853
13138088007
15811353648

13552717518

15838171151
13391582258
18519103392
18855124336
13581568821
17612342345


18910876640
13601214631
18302220678

13102116557

13041298067
13552799680
15101159641
15313956575
13520082196
13522280990
18811739275


















13521429544






13581680780


15321956260

15328908778
15811113040



17801029820
13810110750
15522639222
13521121534
18702795074
13979383939







13522267723


18722353020
13910106711
13718832720
13712789941
18500818248
15501093352



18611245681
13401034663
15611729501
15210412185




18349328449
13520038197
13426179674

13211232555
18612312669
13911277145



15837367785
18201189825

13701167037




15001035060
18500188995

13472657356
15321619553


13701315753




15801366826

15811023964
15810910505


13810029701

13146917553



15801183609





18810583289




13156003168
13519136383
15225666727
13264074772
18652372080
13810289981



13371758362

13810416505









13598877817
15010739411
13065081308


18554870324







18800173694




13601160076
13522517826
13051019905
19930223021
17600680365
13260220332
15801005177








18810322406



13051008048
18910528322
13011129631


13501101716


18301090686

17600051582


18801157403









15811529433
18666665381
18800156238
13810215647
13121320299
13103241777
18291745173
18611998942
15374796545
13264396303
13821566167
18611973001


15600521666








18801425333




13261806751

15248408956


18612667573
13701197191
18810445400
13381099162
13146332093
18611810248
13269986312
18612964689
18131014599
13146973284
15101666497
13269519646
13552276828
13805178703
13897902811
15811002006
18610098127
13901263864
13661314252








18519109609

15101551257
13811772331
15301399708
18233155381
13910677560
18810101031
13466584111
15811080944
13552506078




15910900050
13601067523








15904441999
13466670388
18510156978
15010146522

18611103464
13718814635
15824738931
13621183820
18511057223
15031269005
15701256625
15910649796
18600262592
18740051145
18510964681
15510769481

15001120932
13401063765
15910881503
15810542468
18811287909
18610095443
13801172454
13601370850







13343947177
18611941641
18513995357
13910601552
18618282271







13661228592
13210829277
18813127150


18636968766



13701328504

13566658972


18611996325
13522239985
18610314431
13301227555
18310418663
18600888573
18601051128


15313925966
18601196782
13671303509
13911206114
18611174784
18684649894
15518867123
13810814815
13671037289
13717567309
17610889192
18610141271
18510788208
13810421050
13910278819






13366013466
18301337809

13810788142



13439590735

13311375817
18332008638



15836020813
18611173856
13901236079




13581692508
13341140731



15935585665
15901008464
13146188406





15029004098




13810470861




18010190530
13718577003
18610178095

18335088973

13911289454









17326987635

18997537990


15210981368
15011311621

13466750318

15600016476



15701010525
13331192953



13910410152
13301009005

15810907659
13180857081
13555785116


17630973342
15617990722
18131030505
15657178387
15534309480
13473838704
13363615218
17875333213
15890184276
13087882665
13335470971
18963342364



17629029706
18994004575
18539911757
13391624871

13815561799

15996507067





18635700654
13145205027
13772499247






15729567108
13611087008
18811590772


18909256333
18766080195


18708555394
18101433899
15065049157

13522861877
13066857630


13048796160
13811049666
18500186835
18035807338
13465738586
13051977599






15153963155
15152389437



18233296873
13212313602
17196190149
18813054769


15110582051
15054193832
17854384884
18585380626
18700345633
15013445816
18636469027
17660832921
13698748294
13772589286

15811107511
15845454241




13436606150
172078770
17611220660
17568110806
18097261717

15886672626
13923852881
18902812789
17302816531


13691273451

15291226524
13501373267



16600268401




18928495519
13239255058




15309072793


15769207875
15108777177
18379306930
17610432850

13581899782
17792237552


16527763101
15926074351
18611898548
18404716169
13432349611
18688086877
18320820627


18500198850
15210088655


13811376871
13718694790
13337413215

18210063115
15133528680
18748907236
15120820731
18814731178
18310702889
18838990340
17865812532


13691006689
15102436568
13863033210
16638149793
13526535479
18681947080
13893413465
13465133257
13102822212
18678458038



18811006858
13811326338
15806812075
18600971526
18523002349
18810050840
15962345962
13773771527
13852556190
13811886108
17836226314
13520355262
15896276016
18729832911
19962097001


13401195477
13811576320
18611280373
18608262266





18701366087

15365158899
13851482636
13331137328
15611309731
15811015832
15110259720
13521721852
18687971520
18851650759
15666662222
15283247556
15091413778






17862511107



18263487926
13009633588
18839766300
18632185146
13611083801
18502211392
15811433919
13434493501


13703327665
15901640836
18514810889

18201481900
15510297997



15210661403




13671267921
13691543582
13145947818




13611018430


18545253227
18600195763
15628289607




18211172865
13701324599

13994266579
18201236289
15732622294
15718871797
13691298451
15010736614
18601042520
13331157679

13701229348
13810503484



13311133766

18201289156
13581732804

15033016563
13537197793
13237379393
18610881464

17600964541
15023749116
13791026098
15911166091




18979105375

16619710102
13581805968
13810805105
13466613247

13798992618

18612000678
13974737666


15819840643
13928879058
18664626132






17688995170

18601359671
18800124879
13021099541
18511296904
13811032368

15901169930
17600757141
13980282577
18610775241
13264322862
17718303572
18357122506
13717900843
18712857587
15011483823

15120001299
17600551349
13697343776
13910310461
13426401013
18833047418
17731525911
13521009610
18611838773



18822762617



13691225492


18835792739

13533703385
13413919663

15513677877
15505924417
13468280687
13068613105
18292078942
13764706637

15101023802





13480650008
17611223280
13570818038
18601083872


18666220927
17739866366
18810170639
15201368250
18600080759
18519502290


18661270805


13693003246


18846091917


18620335272
13641364316
13303164224










17710241865
18511705950
13716109895

18602625983
13536656355

18001221399
15215611162


13911680348
18610165464
17710311872
15662735859
15066102343


13153150370

16600285024
13823723546

13311188633
17611100043


13050374932

13048015135
13146807722
15699820162
18511687350
18510965788

13350050261





15889729289
18711081787
13427755263


15901031501
15210858028






17310229929



18201267836
18128839355
13589222643

18766066980

18520825872

13522268752
16620135047
15801691948

13851564106


18310001207

18811441097

13124765220
18610166915
15013070823
13581645399



18666783774
15210381321
17687160210




13811813272

18600360571

15625115264
15011403255

13686471560
17865615162
15219723565
13829777992









15830898761


17813218281







18201565364
18316382558
15819457761
13086098105

13480880478


13654092049
13923242958
13520441378
15011581293


13601280144


15999914991




15221391253


















13126910075






18210966338
13121506892
15210795829

18514281319




18811316795

15531916982

15176126610
13691207410


18246040570

15210658849
13522551760







13829303503



18818684812

13543865985
18515900406





13581905197

15010839931





15047753631



15973102233



17610915832



15321951763








17097667654
13929560207

13126607700



15313797591



18802102288
18933898486


17601019618




15240655508
13631614771

13691039175
13418483089
18207549773
18374972266
13651160789
18823703904


13167372184
13231287629




18311390635
17310983556
18600275892
15201497559
17611018993
18610715969
18519650092
13062774339
13691464569
18611203587
15801871319

13751743561

18830435261
13522030682
15979113696
15801466988





15811379653
18612686421
13693289537
18813151660
18832627828
18231626603
13502219760
13681438871
17610721902
15011205943
18611617505
17767722319

18631975783
16601218379




15734618680
18610014469
15232157911

15731471663
19903101656
13922874691
17610938605



13809720068
13713818397

13910504034

18915899511


18610272592
17701047496
13810234843

13522408930

18908391784
15001192825
15104537552
13552907557
14703311039


13555937320
18736522022
13535364676

18500022996


13071464052

18807504348
18010040863

18829509611


13699207087

13701088652
17310573826
13167528302



13810008289



13601059903


17600186030
18813025923
18600523286
18145816265
17702380810
18600537121
13612871656
18010386087
13823754928
17611059968
13269476953
13544365560

15879124295
18318018036



17773301717
17611091997
13808053116

13701028549
18601007666
13021964241
15810957130

15210424061




13136283505

15920183022





18811665281



13811306161
13581809822
























18010023010


15011019989


























13264050606


13521663018













13581895559










18910774568






















18610381415





13129831987





















18513860906
15569120223
















13007222083



























18763191059


18695116917


18911388594





13522116816

























13682204562

17638157518
































































































13681030898





























13803155214





18201308297























15524015836












15901046595






18910737219

18500365840















18201321158




















13311373099





17600484220


15827214360

15174087777

17732717787








18611406420










17310149773
15201648218






15110107374


13325131169




15010873190




15601086176
13401076825
18956778256






13073110856


18811006785
13911658637

13811080110

13521220662







15010582350

























15151886568
18450087900












13011803923






















18682342131










18531100277










19931675320





































13828895753


















13529812107




























18571114477





16635005888

13911226309





























13720995094











13258681381

15138727053


18640188770











15667881000
13601081420



























15811232861












18522961070












15880305321
















17787017123






18516971956
13888249296

18810834535


18232052900
18618140219



13269599966









15210521960



13911098500

















13679103582








































15810031320
15810800791
15942222039




15333218096



15753884757






18262024996


































18201444717





















13632274464



























13671282719














18720070611


13520517991
13600035200




13701229067









15803854758

13651376231











13581561768
















18911819740
18208722536

13401196733





13683075598
18701289538
18938895495


13805730883




18211080823





















17710153600




17363171276
17610357220
















15702439227
13722939112




13601306326















15116906984











13570242461


13681233434











13428287224












19839409047





18600721985


13985056587










15210348280



18611267409
13682695528

13426246866




15810794774
15893366621


17316240347

15510596053


13910316966
18210223598


















15131528576
18513532050

15810187374

15910916738
18612677659
15701337062
13521205136
15511367826


15011144480

13811502280

18911555269

16601132675
13691050778
18556777660




13691574292






















18701552820
13811337468





15167056996






15035672929

18937255190
15011205957





18033821681





13661378230
15811107770


18500289398

13925161599





18624427186


18823826942

18026494151







13683357075




18218020579
13521764744


18640111792


18004673210




13716598467






15011232322




13583399972




15535112330
18601701041

17806211069



























13810205241














18512179195
13911935284

13662668116





18709237793


























13331098961
18500345572

















18810124258



13910670982


13535134425









18205482268

13612876331






13911888281















13389206966


18963117399










13581946505

18511954102




18283883915























18501281667

18764207971







13651172865











13730233380

13507999071
17311736688


18200362747












18610291874


18520837792



15811132882



























18620334192










13937193745




13572528643




15910646093












13798299928

16619778182

18292210107

13580992840


13514618694

15998682041




13991668015
15820475837

















13647433861


18984440330








18290736020



15201270611










13681336730




18902260188




13398383281









15783099442



18723004824





15100561669








13020004229

18600541509
18610546728






13911185175









15031925471

15652386137















13241392486





18589075763

18600122516







18305644219


18600774078
15611722286

18910142812
13911196911
15010004085


13511009357
15600020624








18810035929










15940738797




13381445686


13901280392

13522410417











17393432169
















15711083735




18710116380




15112688810
13178979381
13146250971





15300022911



















13811454640




15301390630
17332763965
13333961010


13439266025

13641180016


13687367782
13161623106













17077070086




13226787967








17610178272



13520078667













13521015771
18611469997
15801460989














18634359087









15521067411
15329205528
15920182043
18410145993






13911139769

15248144608

18612311887
13847603137



13699207042


13910751912

13211128246


13466329992


15901235702
13439002557
13269357973
15001076166
13522891147
15003311565
13357352448

15820957330
18518568660


15810770760






15810700287





13716974057
13391706970
















18612088183
















18235412040
























13995447402


15586400313














13810325973

15633537228




13260424115



18810625676




















15210461855






17710890509



18049212741





15201653610







13001684971






18910411730









18502791799
15001215519
13810619866
13920529667

15910808713


15055865452



13811137525
13755440542
1750138049
17310545170

16619939096
18932655853

18611361350
18210883513
15300088117


18234210349



15810526608
15911083173
18621112944
18610245767
17786111081

18301017470
13810225837
18901193779
15811106802
13216215527

13693324526

13511075159
13121588683
18810652823





13640393812
17629002998
13501116672
19930255153

13910304702
15210277608
18203821143
18010157268
18211157875



15510779563

13588073950


13601370228
13581724483
18610102262
15846557520

18210067350
13911954508
13818087901

18501198968
13466323901

17306697800
18832836403


13570566066



13802780535


15100629808
15810488341
13248271669


18513883631
18311395088

13581624486
13683621321


15810993016


18811319827
18811390566
18045917810
13911032945


15810326161


13406801761
18992234776
18559215716

15720612337
18013600017
13003998376

13864402288

18081644269
13811362289
18301348661
18613305000


18510238831

18855301949
18612452683



15210611012

13480835875
18810687769




13011001666


13717622558


13601283659

15810279212





13146655535
18501270057
13519625747
13211898961
15335911019
13782865166
15580620861


13581671992
15910365570
13818520254
13269939686
13910978921



13811673697


15901239666
13041175259
13811834668
13911352557


15232760859

13811798661

13911667275
18518023006

18511993349

13810883261

17734267096

13293586372

15120037868
13739445756
15528181399
17310282849
13718156669

13901223953
18610408866
18702898453
15932027984
18904085910
15600893248
15120027868
18035506714

15901458056

18980846061


13880546520
18683780081


17835398895


18588509266
18011836513
13536511250
18857418841

13688850508

15603013266
13401136434
15207667278

18804310278




18210707583

13911054350
15060308988

15362994157
16626256013
18600793748
15835929572

13540703353





13651048028
15010331719

15227711295


17719361757
18811189794
13311311753
15660753112

13910050683
13801208225

13659261141


13393360962
13311071337


13426110530

18734635172
15110253089

19955481887

13634189258
18547177441



13020006745
18653233144


15193310097
13601212412
18911280709

18501341900
13032850006
18601345025

15776552122
18519131362
13810761453
13658688331
13554138797
15001227551




15196035037

18722358962

13520656660
15373749996
13771816947
18905301686
18103636750
18600751089
18399599126
18611776997




15835111920
13581698997
13264560123
13654742188
15010493565
15601150108

15101123040
15814669645
18910800852

13661183000
18829078687
13810666776
13070152103
18387388509
15010907228
13311394349
13661171277
18411008451
15712955370
18612977508

13677720953
15198739176



15101138264
18519186775
13466623368
13691414828
15011472022


13520831407
15810256792

18631291941
13166665322
18311450797


18888848600
13811625917
13901130163
18252804615
17600833659


18610403070
13601291063
13832580145
13811581518
13811340366

13391648232

18838280989

17693041287
18518055732
13601300265


15946581006
13590399937


13224036706
13261276592
18746206658
15162345715








13343470105


15801666016



15005295055





13911654013


13612176745
15814775020
15910295897
13466312453
13811599769


18935460646
13552898988
18100197134


15925023689
13261879776
18610482826



13863335516
18148406045
13810996158
18600617135

15560576669
17725127010
15990747981

15525032121


13693630560
13901164664

17536511438
15122747548
18601102500
15727339432
13693128422
18599728883
13586280510



15000138149
15228944947

15533600522
18500005698

18600590660

15001171915
18518661665
18533168287
13510087500
18601217597
13901360973
18926976673



18501369080




13521721901
13801333687
13552455750
17611688208

16620908091
13611353590

13043301217


13810698908

15811392913
15062121952
17800696777
13621118933



13716959516
13681545296
13613017706

15611883022


18565730118


13683285966


15124066131

15810589570

15901230520
13501130508
18688643316



17316704991
13909566083
15053226351

15131209162
13718744039
15012774632


18911254159
15101108535
18725607898
18735160352


13128551078
18665015145
18606225565
18600498270
18610474432
13552549019


13161179062

13911045121


18811265075

18600052224
18844993640
15996995603
18810191066



13810027829
18281029516




15811154199
18810464059


13910298498
15110064929
13651106588


15001327851
13347151332
13601051837

15653972686
15800912776
18610417137



13076540818




15901333129
15362666608
15914545305

18929015625
13996254528

18533144392
15715392198
18610246812
18620331389
15812993062
18033053611

13659736758
17694803127

13559119715



18701113363
13501212492
18520714687
18911847048
13426398455

18566707706
13847738595
18829586600
13462671282
13614005141
13917178194



18755150383
15001205774
13330275024
13810277287

13586943538
13671098788
13698098868


15326308093

13911652482
13650579944
15280961559
13929381006
17611658028
15736267374

14787848630
15521133656
13581780588


13970067543
13810499241

18311035825

15811031672
15730982618
13241403965
15934609169

13621326558
18178912736



13139212856
15256066446

13840095457
13921426044


13611171927
15911016695
18037570939
13911988260
13522816623
15010269497
18520829325
18810890709
17696691995

18511169861

18518062437
13581833239
13661214919
18210849501
13515979159


17706021916
18518325768
15527691286
15823419561

15810551193
13623569634


13542089963
13659728064
13535320715
13767117450




15066189427
18667100986
15767967510
13585336834
18551528798



15131271984

15321333129
18703835399
13698742117
15233217164
13856085584
15070411170
13243163537

13552394695
15727351872
18752511579



18903401460
13572198028
17715106767
18602518684
18962848875
13952659212

15828688656
19938491192
13699531386
15070868884
15028945026



15850715097
17611180261
13771539580
15895963790

17310014094


13810977010



13016029309
17801528157
13661029366

17610100816










13621069107



15311492699








15887125191


13378156980





18877003470
18810733650



15513298763
15968225936


17685222275









15176731798











13646750217
18776511176





16262389063


18332811725



13890462490
















13304352638
18638363658
15810116193

13851338968
13801409148



19990599090















15957828970

























18754117807













15051701717



17661210118







13766912504




13911383531


18611287986

13911024446





15810520188

13910433747





13051629630









15852188257









18810476828

15804081223









15130031387




15210532481








13269232439









18002080896











13260169631


17611786555


15101063515




15110029429

13436783888
18631619318


17710221258
15651285025
18301497610
13673545456



15169151412
13510175076
18330988911

13739883771
15695327320
15901364969
18032977446
13661942109
19935355135

13601201361
15116983047

18170818133


13817940133

15926105888


13683634651
18953938013
13313080623

13466568119


18610132787

17001088898





18976288000
18620336755
13522534356



18947925612

15321430406
15313790106

13552705116
13093902960
15726655248

18260195705

18248222232





15763184498
13910297993
18290079663
15778865439
18743282092
15717728846
17877978833
15107789880

13347030094

15010693207
18776900835
13350341256
18088444392
15237137370
15639830889
17310666335
18145670759

13641294758
13701105988
13951766123


18810903502


13439670820





13120063300






13224839994
13810403673

18534008836



15158658372






15308830444

18951434936


15172350965











13601356568


18519179578





18012125766




13718669631







17601010933

13811097572






13960869862

15296808792






13810710400


18610190190



15731972365







13426166537




13948095329
15010851670

18511022414
18603761323
17800851790
15701235571







13123003555
17520416353









13701094084




15022725799

18301272465














13622871640




13522704625




13426243608

18701156602

13051197118




18710869034
18500395593




18310398632






15201023008





15215550204
15631336121
15124390210

13517565178
13457437520


15142300237

13681087008

13810305821


18310724704

15001072166














18769012817







15901255041












13425232167




18515838927

13717646110
15195855998

18769882817





13130105215
13759013258

13585797588
18660017156
13651059233

18710109016

13507040350

13810189760
13051400719

13808008221
19161570945
13314009559
18686447778
18511762676
15847748923

18911611740
13829365680


13694765198
18666932288




18686412270

18101300106
15170020695

13506353279

13767054726
18100880240
18511805852

13621301432
13930429653
13635218327


18222934941

13071100104
13811127791
13473039684
13910250040
18612864683
19831617108
17773258325

13699288743

18610631818
15321220150
13321126090
18518757280
18457687656
13140630923
13146186881
18609631662
15736881260
17331835110
13899306005
13201785582
15810864360
13910789823
18831993140
15101000671
15903306781
18618366887

13910719244

13241285005
17896098913
13910526568
13609892347
13609265333

17735572723
13795042225
15303950779
15811417935
17835076452
13456726166

18719552700

17610772909
17671784641
15321012056

19909369551
15712320933
13478395516

15705927287

18772268998
18206712614
18601335750
15120034324
13521508764
13121789773
18945716189

14702463678

17387685251
18530631794
13301170416
13910088445
18606003989

13699276318
18610866843

17600321487

18795908081
18700497095

13199557970
13111394810

15311098945
13191599690
15510410800
13720025452
18132570087


15910962467


13981926696
13861251350
18742999333

15614725796
18310195620


13812811219
13436144414
15720510097
15070033164
17316064374
18848793845


13261962431
18218310943
13543996945

13925310093
18529291702
18098910502
18601212706
18618451256
15537738859
18567687192
15210388982
15219482730


13056903375
13560446640
15901115940
13948254996
18611091110
17610033700
15016055775
13905356996
18623091552
18476733847
15907687960
18218318392
13068589588
15901040933
15010758682
15089391932

18170011317
15975255072
13553665464
18810869625
13455100989
15965595816
15865597355
18518258707
13672672873
18688815547
13138263389
13428900865
13926450131
15876752849
13658951549
13521055957


18904378569
13878134141
1535551433
15215183093
13088855999
18721927119
15818143962
15602481532


15084857858

18811739521
15732571758
18701376072
15101106608

13581929828
15010233735

15601038606

18311269907

13641122975
15998060927
15275116033
13428987942
15815524862

15398810101
18339295810



18850358155
15901262894

15151666876
13801266516
17705181208
18362716703
18861102330
18862196110
15251833070

17361862667
18518881619
18813145777
15254616713
17710930810
13643115542
13269975602

18610824446
15811078075
15210538812
13312326700
13699150731
15086840646
15343986863
17333656119
18710579730

15588550977
13521238604
13821323372
18600123018
13331546975
13522211003

18513632790
13439157668
13913980356

13466590265
13691526008
18202659067



18822523188

13676384819
15904836000
15528306093
15811141074
18258824053
15869174657
13235193253
15256456653
15632997758
18010375056
15179657585

13480833115
13502861006
18618483458
13641219553
18513329295
18852275859

15850708286
15010561109
13515252181
13811948268


13852525522
18602551911

18326551982
18175172867
18061148841
17554276763
13520970919
13716699506
13450468016
18101113691
18863900380

18516219928
15611260641

13611243564

18561792636

18905313895
15253182223
17853108616
18351920699

13108696465
17706357388


13910583826
13781753323


15110148570
15753397869
18510239943
15102261231
18601222559
13701384285
18753814231
13475110064
13733620229
19951613793
15922109777

15811086801
18810765857
15195986885

18947739083
13439743668
18963396512


13311262751
13520612135
15706203005
15311322698

15684166610
15036026541
15324273903
15252533552
13874968503

13699410874
18956729252
13121125110
18705375858

13303208711
13521302157
15698745632
15220492871
13530466172
18866320229
13671098129
18391099055
13780734265



13171806355
13621273992
18031701499
18387390583

13589426899

13722799193
18839060109


15288875295
13406982416
15506358378
13145415439
13406348652

18560126166
13683098453
18767829395
13312035467
18013885088
15668048391

15165693102

18888848530


15521182875
13729818672
16692001125
13679737212
13720746438
13501170527
15517645686
18516041893

13451922881

15617196251

18863036925

15670051920

18905498652
17710892245

13911732830
18561011765


18810865958
18622615405
13436903081
15078865609
17316295212

15986605157
15965559077





13335127689




18363754257
17695561189
18310377602
15666444960
15621627037
13426353786


15806902978
13161053726
13573249568
13863190307


13671199201
18244921203
18364545214
18560704902
13346218911
17664061257
15588881320
13406654990
15588743637
13256005135
19190073430
13849168276



15295032357
13695519468
13703720949
13075311631
15610516753



13798548272
18222773696
18322782681
13520541193
17607193420
18502667895
18701398151
13126851656

18649226743

13994233517

13801040201
13146248578

13651853572
13451734272
18021389166
18375094178



15810121770
15872058341
13911721643
18636153575

13814228024
18239170714


13846285008
13205329067

15954682188
18796257382


15730680300
13910327057
15995848424
13681790421
15137312639
17684861618
15152095373
13592590704

18911653213
15658161123
13813287446
15757590913
18939860819
18721635789
13641398700
13717641077
13601329765
15210271996
15076042088
18041000056
13901582158
15263879306
18435202451
13301120103
13811074426

18758073380
13968125854
15371113635
13811235062
13439966231
13146452498
19930252628
15322071576
18633141489

15921860187
18911280892

18810424586

18600113605
17701215120

18858314948

18610865737

13552480323
18612396660
13793149733
15811148899
18052822769
13125359898
13817151891
13602598363
13711195819
13531031253
13554917016
13994116806
18811616646
13522262905
15821808549
17701269759
13910811175
15910940821

18810799798

15899575073
13751648368
18114135782

18942635607
13693712018

18830871282

13454787315
18566229825
15500614680
13769330453
13431993335


18552901220

13717708410


17888824511

18638520289


13910108718

13011119081
15720026595
15711383381
15089337226
18910353984
15901521813
15250929459
15810302927
15001039463
18611194287

13466546173
15980852394

13810080602



15016208825
13428952586

13435629320


13798951226
13701357440
13811290673
18787160703
18911215341
15801548334

15806364110
18201696101
15901286320
13460308607
15210109981
17310571180
13801075767
13621069298
15846534731
18515914678
18611367835

15011330332

13681391377
13810352132
18911168439
18610211751
13910679437
15010311222
13146057794
13301108435





15751005090
17801276860





17310328990
15910878030
13466329392
15011459589
13146185872
13911887793
13521950263
15034260612
18801430696




18823428746
13811593708
13661963238
15862661582
15119773680
18073913162
18820413692
13419526379

15901268443
15116337343


18172730860

15810157824
18101828889
18810381769
18511000865


15810774723
17319157009
13925036789
15719031903


18801063083

18846067052
13611192590



18396683619
15244041123
13931307447


18600212020
18812665900
13152031252
13716321740
15178450118
15895865050
13560015026

18210329017
13922994266

13911671600
13425526928
15888365498



13522481365
15106973280

15093208193
15957162458
18394591231
13410225396
15119374405
15899852760
13810558895
13933954996
13752633332


18611910013
15148209678
18223254796
15212188241
15362708479
18623062020
13880293464
13810774195
18611252789
13810812305
13611388198
18538187789
15810307142

13840804442
13701371008

17796175860
13430539181

13760012087
13611456028
17621729472
18633961375
18347977069
17600536796
13006095800
18501971762
13850410190
13810291989

13775191455
13478348785


13606125827



13435434876
17710212813
18101122829

15918771351
13603032930
17852243596
13999156140
18779637507

17801187087
18601093525
13691084417

18210686231

15326262800
13803332137
17082410322
13370132323

13651503901
15010065002
18651817556


13683120120
15810439833
13292690689


13359650303
18852202650
15004852300
18910800653
13911768071


13711795578
13909991531
13381151689

13809660811
18601387120
13788918435
18161912155
18513035936
15901111711

13049323452
13137269007
13049323458
18612273865
15801629305
18601051900
13426475727

13672099576



17316089215
15943527080
18610031236
17778050303
17701220309
18610926062
15727379643
13001715867
18515122898
18152051546
18392153607
18210532572

17637181919

13601129068
13681126080
15085498679
13911659527
13146395959
13651369117

18810480398

13716429630
13691289626
18750790877
15210909630


18612182323
13511895325


18775289151

13719054735

13265129802
15911161811
13999953404
18877481788
15813855086

13805689311
18858930374

18360920898
18651580183

13522230487




17610253052
13241794186

18910965353
16602064417
13810041446
15611867329
17611199259
13070138748
13121655344
13341156466
13552541869
13728077953
13832573164
13651175923
13672130779
15010002920
13701051446
15811323162
13693299290
18210427103
15630110308
13901035968
17732269627
15011203928
18610961419
18684911120
13520511885

13718468666
18920468780

15210733734
13457403062


18601238103
13810113103
13552392297
18588776070

18306810672
18611522396
18513417072
16601030114


13926788127
13611075839
15021959165
13641200366
15732603393


13641030017
15001355016
15910660615
17718302205
15010439826



13001000746


18211328665


18910336893
18611632476
13501185327
18534810341
18010077701
13027155538
18810432556
13611263952
18831385090
18610775072
18902237966
18218546860

15011082370
18903214117
18694270704
13810776807
13910952513
13691381736
18310782901
17301220183
15810227639
13661382568
13865737781
18600551010


15004537730
18500230146
18612665362

13521681141

15901072280
15185766949
18978931692

13693574308

15324005295
15985557100
13331039909
15021115166
13467399988
18515556320

13910186263
18510407829
17710890085
15285978527
18600848965
13663117761



15330015733
17792379571
18612163577
13311173563
18358586779



13522992081
16676929247
13811386146
18010032917
13911582702
13250717513


15638996815

18811442701
18810626033
15701206605

13911150196
15001012175
18911210376
18612290868
13810784579


15633196237
18612482266
17718523562
15596839582
18339293070
15701675037
13601246027
13691459653
13810798903
18610472314




13911189034
18001075673
17610211314
13520296082
13910771896
13319856001
18500167245
13811235286
13648823609
18610270282
18501237106


13084182825
13552139135
15910250644
18500236862
18270783233
13121006654


13001175411
17600109351
18612259455
15210440375
18101216465
13811726423



15394458741

13801170297

18632011981


13260196939
17736395660
18518670702
15210783794
15611330959

15600666268
13934241200
15353115829




15810050265
13141233796
13581819863
13381187783



13691470699


15001211765
19966558844
18617781963
15801568476
15092098727

15810771229
13370133625
15970624366

18624162463
13917382620
15845696710

13618569062
13436507576



16601154821
18001387156



13195090230
17611221071
13811302548

18610798282

15910865952
13036060685
18601068937
18254610901
17701640029
13910044064
15120029588
18610959935
13240476282
18072882741
15651026821
18601357181

13810306137
13121196661

18910968239
13733266953
13810419446
13683203623
18518387383
13910425291

13581897674

13426303532
13716904637

13439590231
15255861399
13602549883
13810812524
13501085581

13660729239
18132453752
13910088655
18845607566
15210901083
13701018299


18032706638
13821993456
13316833468
18833027280
18311424652
13810097954
18311351990
15546341997

13011605217
13522636561
13091388271

13426470671
17319374552
17710374100
18211038373
13520682619
13810836143
13641135511
13732360277
13810062358
18513416836

18401320372




13911138437
17600340272

18614086501
18641873701
13683342459
15321534195
15874113981
18617167990
17572695919
15933901655




13091889605
18911266300
15862684283
15801230649
13546119100
18210801779
13121389444



15831424494
15333177734
15011138281
13885748583
15810640576
18699240225


13691543731
18913376855



15711499441

15301107522
15690390016
13817381943

18981492971
15903469635
13336682209
15213230633
13901055262
18600883828

18608174757
15011432787
18202198582
13466723792

18348495525
15849326949

15840113620

18611843710

13609015820
13815881662
18001220135
15231971661

18210252689
18310288617
13501257376
18610276086
18601212722
18911536599
15210064751
17693021030
13681288369



15530106333
13718479762
13681098670
13070171338
17325500865
15931341591
15810462621
15910219006

18091270099



13811408193

13992156192
13810027316
13601323682
18722163053
18613383982

18600713142
15810352169

13810933401
18610098638
15120021628
13381073559
18807405346
15018456603
17693294618
18005319997

13261321838
15210918171
15311299281
18802262905
15101065202
13581718516

18510202482
13611139602
13488825066
13241722424
13146842307
13121738086
13311348850
19960204026
15811283028
13811664771
13641123083

18101130987
15284217220
13301055691
15011290667
15101061240
13522026877





18701147575
18943923346
17611202422
15201128703
13716297556
18563698742
18393358868

13311586250
18618428686
18333605878
13070220348
13790923162
13538875556
15089629165
17741138761



13681608185
13693651602
13524656489
15701677798
13295495058


13502656814
13601386125
18801040400
15151807861
19520373637
15975367524
13811506010
17691389353
16678529556
18610864710
13718146247

18310460623
13911410686
13910099512
13311355606

13141440729
15810247995
18600671968
15093257121


13121200827


18210332637
18604701956

19831377081
18611520542
18231656369
18225547808
17728084964
13911095684
15110101316
13681213464
18519216363
17600184480
15910582760
17600563399
18911073074
13904655585
15801467591








18633269186
18101358721
15010540731
15011403521
18501387345
18810043192
13717902577
15810349964
13911756850
13488670834

13381218992
18911001963
15903918600
17564278906
13810635051
18513440077
18717702883
13651388740
18722681098
17710195739
13439702319
13552151186
15924469476
15313957069
17803556508


15010258202
18611518931
15771958126
13601546248
18701189301
13011898477
15893898489


18612768579
13426009388
18611010360
18735103662
18211160397
18503213721
15600385361
18798770916
15210675866


18081303201
13488794582

18686543655
13581973057
18210617167
13582786615
13753754021
15210371161
13120218544
18637992897
15158088151




13716934386
15611593965
13701357267
13911888757
15001269463
13718582025
15612770017
15026745389
1855414797
13818609581

13466673970
17710498062
18862160260
13701087187

18701316807
18600360114
15801355580
18734925923

17316180873
15611304082
18601320680
13810709754
18311207188
15001028368
13180050592
13718426262



15075468281
13915954905


18218521998
18600510913
13426493266

13905880470


13558876943
14700040666
13904125007

18829264514
15908428300
18538737798
13911705768
13835294510
18403297729
13910433002


18767327758
18434366237
15311537078
13671289717


13391764025
15810497456
18330086793


13909330307

13269027027
18701045300

18701185617
13503027461
13911510096




18952219557
13911660408
18518340979
13810784820
18371121806
18252097934
15531171915
13661385622
13811159458
15801600031
15101079115
13718345080
18810129129
18716080804
13159919519
13021924400



18521050696


18519858185
13775277741
13260215462
15010750506
13683117618
18858127154
15110102238
18510828130
13146640595
18532308006

15000819056
15383368256
18310800862

13810963716
15621185521
18510123967
18500799088
18311210821

13521436905
18618178210

18516822656

13810171081
13522698667
15011368523
13764341998


18804890528




15100550003

13701189350
15062395853
13683166708

13930434478

13293182341

13031192579
13674826687
13729115638
13301095066
13801361387

18701547251

18730644627

13436508788
13439417316





15989146199

18308374861
13810085783
13683240775
15600667080

13439117403
18292716142

13811688260
18826132384

19985363021

18210140201

13303578414

15932507394

18846439912
13709047052
13396567387
18508299637
15345111080

18730131587
17539389018
18911579973
18611153606


13810790403

18035101921
15147949365


13788918855
13911714626
13911999840
13132004776

17798237649
18600873690
13925056853
13510708643
13704103448
19931309907
18502008147
13520508558
13315812581



13580348846
15816492718
13921188490
15987375970

18679668855




15976269634
15910495151
18730130180
18520165703

15140974740

15612948804

18521738580

15034786898
18289763945
18147081315
13716127865
18027255170

15862665790
18791567440
15848174023
18669892321
15079791224
18901514042
18652906066
15988664627
13858973411
18435221648
13438103261


13811711997
13579269170
17752566050
15723161139
18056961332

17710588202

13811048636

13588371105

18640260382
18809439115
13641862527
15046029708
15027436564
13708368098
13051735073
18069011501
15000533138
15529055605
15376740726

15877651020
13683302997
15117924968
13552107054
18610186170
17871042469
13816874334
15840692805
17824341852
18537160599
13945690200
18677111636
15253286320

13558112191



15036989517

17752505729
13979160919
18034535491
19977193248
15733698358
13758201141
13410956002
13911618560
18662576205
18502525192
18616986387
15920634584
13558796393
13862638317
13381853001
13750891629
13917121764
15267084711
13801705694
13606885156
15951906512
18002058963
18004441655
13504459698
15991942272

13503519087
15764772693
15105185507
13571331970
15152838801
15266645959
13904034292
18210158945
18601933760

13520293728
13427733380
15110070807
18838514879
17716105761
18648640961
13301020961



13671373767
15201136639
18610106959
18609847850
15851591138
15311953586
17600661754
15939021912
15936232180
18838217903
13307523222

15537503570
18621635283
13388006366
18910355280
13621092710
13161842301

13552666834
13263250017
13439507112
13522293436
13426213829
13601352727
18845766462
13910713176
15050252813
18911666758

13661902206
13774320107
13821939563
15901511196
13810387978
17812729175
15810900856
15201040206



13671210631
18355772982
15342219221
18911790524
13240008150
15230551257
13522300800
18601337736
13718074887
18513186488
15712883329
19916768809
13918114885
18930298178
18611154237
15086836916
17302270819
18515189841
13801020648
18814385425
18218398989
15110236792
18596260901
15652631740

17621792558
18282746942
17740865607
18193889979
13239888062
13435856019
15810605796
18762533239

17111117777
15840109823

13939898398
17388760867

15911173934
15625523969


13728348504
17317149174
13605016136
18911336565
13774363593
15301365596
18677579678
18501646706
13718874858
15010895950

17628792815
18683710500
17710232616
18893489385
13694807079
15095502951
18610130566
18013892121
15281972102
15932377572
17812727504
13899109189
18679103410


17743179262


13810668679


18610545376
13439850988
13810414952
13520534769
18611427965
15545361777
13833088348
18813022793
15810186338
18615539981


18610436966
13810851906
18662278554

18613559255
17749789564
18804731059
15011592109
17600286233
13161854763

13321166338

15330041964
13301056501
15041188562


15642147723
18607918002
18654651151
15067650099
18611180704
17090883089
13691215256

13552530720
15811218790
13632527770
15535727797
18510664512
15611842530
18813078327
13671355577
18515511203
13810737376


15343332425
13622042203
15992114700
17718570807
15633290705


13589336768
19802714604


15701168501
15813843209
13502959132
13928897786
19946196055
13621647879
13393450908
18516660102
13911160012

13155000296

15232386856

15198788984
15112388221
15815825539



13621355572

13543041061

18928487518
13824165050
15776558767
13561254260
15154168993
13604019449
13716640233

15652209989
13015159249
15186775478
17681808657
13718336992
18569901003
17610829826
13810296172

18132639209
13568522445
13937155507
13698993093

18381042893
15822462927
18601183383
15087036084
13717232638
15201271901

15701209140
13522623949
18038199979

13811015888
17689345668

17549203386
13230762623
18670072867
13581779962
13121453671
18701172352
13520963552
13071180970
15801260027

18515679007
16601274228
15804450060

13501627113
13512199797

18917503273
13701701710
18217127295
18813117795
15201258049
13583215772
13426083720

13051601185
17625950433

13993869825
15079878726
13551263086


13677739077

18062958536
18170487626

18604058788

18753918032


18516330281
15035308373

13643526992
15337057113
18040367280
13833120847
15822664668
13196555082

13616479918
18753988063


17520992368


13931331140
18760196050
13661073891
16601243620



15723381913

18200200481
15161195862

13765949572
16686648352
15262605563
18665792951
15202351388

15869294248
18423450622
13754322121
13770625503

17683182886
13587303176

13606717327
15061962514
18180641656
15845404793
18384136961
13591780875
15850075265

13404128757
18884111246
17682310831
18601042862
13057490228
18680869896
13912796250
13401187392
17681650086
13252121154
18058631125
15170946404
18502456007
18910057571
18505105175
18230161583
13668387753
15200363313



15132623093
15038327952
18897155322


13390545672
13671448622
18258433728
13672545604


13392206690

18411008835
13856272271

15929886815

18861872298
18813097631
13801182640
15201380803
15850215906
18101130220
13798442034
15101547611
13727741443
15902378245
18826451119
17526620420






13810746673
18661166010
13634632988
18773608017
14741217111

18810528712
13691557352
13501005179

18211121502
15220358791
13005605480
18072860984
18706192049
13775218552
13905180572
18312952902
18662604514
15261108745

13905565601
13952941575
15258897728
18537302809
17820312904
18258806691
18303335656
15812363245

18513119319
13911519985
18910942018

18910156110
18992975992
18519523806

13714285384

15822650130
18894573280
13520026707
13651577400
18132386128


18797826788
13810517357
18505355075
15865760069
15369379780
15223879366
15190017300
13980870369

13622844245
13967536659
15102715972

13661799520

15229375393

13601239355
18847160471
13466683960
13361091907
15669081122
13566523078

15828265655
13709036313
18801101620
17635238182
18206452703
13699282330
16657110403
13653446885

18623333068

13518073283
13910002935
18080959994
13896474533
13618307680




15365387062
18252434505
17711392772

13007619976
18688287637
13155643786
13625389826

15723061874

13983701435
15881018226
18635294986
13811496486
18228015465
13439881222
13520032312



15290885652
13466786452
13811739491
15869176986
18906320808
18523098615
15313533231
18401606126
13521991685
15051232667
13836174120
15351027559
13683362606
15810352821
18910081745
15001279159

18811796528
15828140181
18682068173
17311273998
15870676390
13810693955
17328853194
13401023630
15001170425
18552418728
18201006697
18610603829

13716166930
15955706622
13703160293
18600552858

13501072711
15801619094
15716278082
18017716981
13205483390
13261413419
13811878622
13501006711
15001020726
18227751549
18811017777

15085455005
13057460551
13930301872



18611643239
13911331997
18611591535

18610818103
18618151374
13540044763
18701627763

18616910360


18612956106
13810345583
18121036169
18806621123
13371687056
18254721862
15935412059
13521647223
15887818749
15754965217


15864926669

13001187203
18666669967
18910686630
13776332951
19939347895
15082612307
13023279391
13020288825
15022525112
15951923607
18111705092
13771563351
13913695698

15366183626
13262791779


13718498807
19951987388



15618080634
15161631218


18630521798
13312187791
15010097333
13967568898
18667026640
13590873935
13929505901

19980481020
17611787211
18019034607
13420447535
13810562626
18901150778

18080102480
18526341375
17396259335


13521330821
13174456908
17790446289
15908423128
18481172887
13813507502

18915274203
13881508351

18622900108
13233345655
15735802222
15062675520
15908406766
13330801815
18550359697
13770213118



15284178036
13820050676
18632203168
15201279585
17729635677
13121316808
18310049956
18358596612


13827863527
18351993589
17728849847
15911123370
18990105851
15927709423

15950067005
13668212722

18015769568
13851549243

15984470836
18382819580
13864987731
18328079828
18068909625
13951003262

17696840240


15050398766
17694928311
13320942839
17633642772
15061231511
18981147633
15640308159
13456158975
13456708048





13303157363
13578366568
15869536520
17605822465

18584852195
15365732688
13605174887
18605285255
15810074223
13706222611
18151062303
15162276191
15949118318
15052979111
18782958644
13372230127
13402584686
13302125057
13312059622
15950663986
13915687840
18602313900
13094417124
18322530266
18622056317
18962266711
13808092269
13882073961

18584806296


15883027106
18730364808

19136188962
19180615625


15576396696
15050828529
15645730621
13914754978
13540216867
13880769538
15248184142
13851662486
13916844387
13408400600
18000574433
18837800966
17331979114
18202507901
15902079395
13765212459
15151889276
13414523087
13501060305
17343140581
15601008606

18500337551
13828778668
15901366741
18109442311
18117813530

15821200169

15380911143
13752092294
18311223729

15222258185

13852969639
18629978520
13980363282
17053832555
13752642005
13814337098
17712924707
13706146352
15950133051
18862922151
15190321912
15010848027

15995599290
18080018441
18622785923
13512944663
15810509792
18710244732

13554610227

13989079711




13338001413
16606161880
15828525380
15639202741
13594315243
17201592213
18384064837
15900326364
18936290396
13812882483

13558852836

13257582451
13626588920
18210558660
13811006983
15354040306
13911751219
15061661422
15784551768
18286008774
18931747928
13327863676

13981010018
13685133735
18301471566

18962687450
15001032925

18646368727
15810012389
15521605737
13232853817
13851863219
18268011083
13426026092
13338118835
15222878505

13453936299
13851489158
13512804421
18112178585
18902406497
18829083469
15881194096
13298197129
15046191776
13621005683


15311424458

18300874423
18879581978
18601155180


13638873966
18910664405
13383044186

13011180037
15922030227
15093729664
15559032328

13382036935



13570650852
13729225124
15623704921


18811042368
18310270029

13521203276

18320870159



13126892844

13141270931
18980818811
13215391029
18910987113

18519221995
15306137555


18826280338
18675560277
17718424110
18666329534
13661381031
15849462123
18859959069
18801310026

15132547561
13601082426
15210385886
13401129155
13757121188
15886765688
13380028456
18600644700
15238781002
18910138620
18794888992
18931676674
13672001146

17855951599
18810680652

15255191441
13331198003
18794888962
15726129456
17863200506
15822656410

15210118247
17779682019


13810059063
13269150558

13164252767
18519394585


19922578196
18725128697

13828941040
18722588961
18810568673
18920367419
15023571844

13538388435
13354803366
13590284171
13661588972
13146790996


18088615031
13811659750
15601166350
18329597416
15001318760
13720004326
18601301868
15102144738

18600103726
13305120288
15726698465
17829494455
17610571371
15295524465
18725123584
13522110822
15643301789

18845287900
17513350890
15258986520
15829893771
13810222840
17778159269
13780429186
13070549862
13013100000

19931236282


18610106801
18670348487
15101183302

15614413702
15398096015

18600235010
13752666326


18655433489
13910179752
15898227212
15810609120

13626129168
13940806337
13337069435
18976772098
18393874929

18233091204
18210519125
13512009853

17600238930
15130526516

13521173773
16633406816
15650761721
13521623158
18612990131
18734887399
18510585676

17862969532

15810108383
18410278567


18637145578
15167906777
18810299570
18516952137
15321921319



15307606761
13692125095
15294748337
13930768208

18691802223

13601165613
13051529003
17600827819

13873180050
13790250085
15170713616
18890322705
15010278629
18926463478
18547030411
15380987297
13918002857

15811294996
18519225688
17521500958


13828288250
13717201628



17896660334
13590239868
13510590780
13261896450
18434861377
18734880777

15210852606
18018698085
15699170709
13826838661
18377566232
19810751636




18820162516
13521708126
15210999208
13418152402
13528233715
18102104824
13064900045
18067989066
13601077857


18513212351
15203429443
13520854379
13760674135
15351266352

13826481017





17863605099

13381220537
13439192848
13203920152
13701306111
14774187499
15010303557
18715998881
18600901879
18736980643
18810273171





17698641069
18611744887
15931608629
13701274827
18910875203
13522509040
13109487820

18010157525
15910695672

18129813476
18500416212
13423701300

13689878510
13760803869

13392999758
18722271202
13716215467
13671390872
13681358250
17710288786
17645621026

13869451722


18611131266
15811176010
15239209805
15601189007
15839216056



18903528275
13011053312
19982904793



18757880110

15354942027
18295093240
15030890152
18810292987
13520219740
15201610642
14788071594
15011234561
13661363986
13674229257
18347944297

13701382650



13261381608

13248411556
15210563475


13087290359
17710176914
13051618961
18022242267
15638100185
18734157169
15925110118
17718533447






15117634450
13505520990

18810655821
13717778210

15297286897
18610621399
13402693306
13904762140
18533026558
18801038755
13601260912
18513173286
13810316955
13875976673
17310673203
18732664113
13801172465
18661436257
15642963663
13315512528
19903104782
15363527474
13716742113
13849076821
17383010266
13120170906
18513417566
15388119451
13681480115
13011085493
13691147182
18031788671
13810591240
19923366304

13624822989
18810809550
13068138620

13545193833

13651101082
13261968859
15738836173
15916294192
15311331108

18395621523
13161334455


13717679692

18911671901
15801374383
13716537257
18080499917
13366016422
17611101942
13258640678
13141354111

15075657936
18841585159

18610023371
18600887475
15602024384
18984323235
18611821762
18610909924
18600654081

18135217997
13381112275
15313711588
18610905395

18811151404
13581967686


15288829880
15709170912
18600212809

15101597154
18811435319
13910287118
15713678602
18810773896
18510818008
13581855810
13120388993
13716439671
18610089181
13910099830
18611151404
15951815127
18018851595
13683282861








18614220430
13020858389
13810338374
13552329866
18248389195
13811877167
13684773873

13916423913
13243751488
13802283634
13146292518

18738371672
13738120496
15973339333
18701369002


13810346483
15135931419
17666046285



13581541448





18270896793
18001752521
12581997940

13199283571
13520470025
1752378137
13124772029
13661218280
18618308345
15690306792
15733280173
13641164854
15201623712
15801297511
13810809974





17611271255
15139250350
18510992268


15811598921
18600276199
17859017005
13811613892
18752068350
13910502007
15000623327
18210846597

13806398779
13811598240
15810391299
13301296573



17731586275
13011122705
13685363695
17601070409
19897005716
13908308665
13910819390
13585528610




13541788463
18612678773
13161876150
15611126068
15805154828
13331503265
13520011059
17611366050
15851728230
18201388360

13716380602
15620320233

17378350905
17611581179
13648281702

13811186840
15810001494
15001651799
15680085369
18600264456
15712942895
13811341118

18910876945
18511506502
13683531080
18010030975
15919110818
13393263937
13852487522

15110120387
13581978225
15101585830
18601228341
15045915553
15801221556
13883314168
18701643173

15201082586

18813031453


18610743796

18601126079
13673619161

13713780410
13146949895

13911131391
18196824944
13911124308
13716776114




15054706038
13611389640
13520921866

13012743203

15914066493
13371698773
18513735375
13416784774
18610634828
13951188682
15001052988
13765592914
18075057071
15811415888
13718920285
18174714916
18500058882



18813130083
18647228134

18810902665
15703935872
13810792768


15138036258
13193897188
13718365662
13552892036
18533107125
18615552211
15897680131
15095473593
15110248969
18610809911
13265612618
18201615204
18302048421
15504532668
18611070630
13522297987
18831617728
18910197469

15680708518

13178877030
13511088925


15933577270
13718058936
13401064146
18166862123


17822000160
18210427031
18271787070
17601666931

18911679835
18637344514
13901033692
13811806188
18210155623
15611029986
18311091793

13671167655
15901087862
18610991166
13552236297
13701221840
19833769633
13693515111

13051716571
18500341256
18600260609
13699196691
17744471949
15045992804
15010016564
14747252470
13681851980
13910832555
15810870355
13810056026
13811310032
13810805122
18812071688
13581459764
13501073592
18911478920
13331198066

18701198189
13167052580
13810263926


15801316135
15015257701
18811007264
15210077708
18629325211

13621007612
18676595551
15143827951
18131378276
17713565205
17821520226
18911571129
13601187078

18810395937
18511682488
15300096636

13366008411
15346839581
13701110102

18610242912
15210446375
15216684965
13683235307
13811546243
13390879957
13811225678
17610199123
15072726674
13183093665




13641161401
13910335734
13126938728
13720032056

18513421711
13719000345
15810578808
13910388803
13011058111
17611232987
13701052304
17777849776

18518637019
15801509917
13401109572
15601370563
13911302722

13911690182

18611660889


15908571723
13717700267
13693208721
15810089391
18910937174
18001282900
17612221865
18801171299
13370133639
15042363688
13552977662
13522409315
13355646047
13720097880
13894754379
13911391811

13504650999
15201161023
13520103877


15210539326
13060866573
15801112315
13716162977

18648162886
13366530296
16710110201
15130697217



18661656518

18376878981



18519266596

13126621849


18910988596
13628976611
15250373509
15502038375
13715379106
19868385895
17629915361
18500828821
18600426648

18519508016
13314707936



13935498380

15247101209
18840630787
18701420502

13810554586

13701105211
13905525033
15311083973
18910627667


18201689916
18600806236
15622321499
18680541287
13830240208
13596945942

15847703886
15010840432


13601004600
18140269626

18515108860
13651026920
13936760998
15810179589
15970410016
17610603066
13681556602


13436518343



18600813669
13511026169
17792490881
15093412143

13767293107

18192350719
15101541846
13533527161
18610319999
13480841979
15011252543
13121195699
13466611178
15600277006
13811329082

13949301511
18287761856

13910387875
13501168168
15901039860
13716472476
18911647157
13506532036
13581923503
15292895998
17875513985
13915867982
15801518698
13901027846
17344496362
13934054689
15179910007
15352028888
18831649406
18330116400
13522088970
13927265286
18620352769
13911186760
18247684547

13031106208
13021200120
13716910492
15951826972
13560417645
15101027277
18510407100
15801487816
13691229901
18714375523
13911886462
15503081988
13939512082
13911050295
15210345188
13681748490
15201113958
15506023116

15901559331
15210866266

18943211398
13167080930
18026806248
18513217706

13813456871
15356455422
18612817791

13957301833
13161919232
13554828682
13810289700
17801367882
18637388182
18247435881
18586178101
17358762376
18611199904
19993053305
18276726039

13552401282
18840532172

13815875429
18513816475
13112121068
15998186420
18002735387
18844119500
18826286078
13736736909
15916067201

13466327834
13229913280
18611005201
18810631510


18219735372
17802596657


15259952805
12757273481
13828703143
18001053747
18796490530
18612723608
15811252820
18510801378
15537627299
15941647609
17834000030
13269567661

13833296171
18614236866
15376400396
17839913880



13911255830
15175123385
15210614815

15910578647
17816736906
15010419292
13437875595


13718090941
18634069512
13847854777
18686832075
15598927890
18832035448

15288195828
13540812565
13522310033
18072702966
13520302917
13691385087
17792831019
15819482868
18268815387
18098907918
13718308826
18632593180
18811789854
18310518836
16216272811
13343162166
13260368632
17718339613
13381002967
15924510248
13601395377

16710860930
15010391053
18610708801

18631416736
15026919060
13161529629
18750326126
13774481039
18086623212
13043119912
15910868951
15210628512
18600988383
13910061959
13910286559
13760967712
18034216033
13811362511
13701056520
15141808016
13581901697
18920178866
13955167996
13305425453
13701170368
13810548225


15803413814
13520686757


13897405542

13121078297
13901256259
18612165002
15611901606
13928148620
13585009570
17365797972
13770810036
13820972761
18210147817

13301177269
18511076376

18622364468
18501390101

13501644054
13373313077
15174194417
13611113157
18295711161
13331058706
13266905247
17762015451

18703415672
15210876042
18637339647
15701566502
18757551966
18810559588
13811974128
13552190528
15901094469
18710747400
15810984566
15680569173
18392409471
15824330564
15811236470

13261621023

18340788074
18611795652
18910056627
13714953907

13810013815
17600451293
13810873234
15051729797
13857161496
18606503303
13858196230
18242394147
13527676031
13701607914
15221085020
18108181911
18610110688
13240303810
18640343436
13811733737
15338933010
18857902475
17695687205
18513665769
13621356622
18017297236

15231592782
15803470016
13466648321
13918733909
18231228051
15028013668
13811873743
13811438602
13817808542
13910279432
15591096315
13535502800
13671068666

13911386570


15810882098
18820608063
18813035157
13951582245
17600261860
18936366658
13321156111
18930499661
15935750281
13720084813

15601506109
18611319941
13030878507
18010028828
18356028837
13126632993
13693698701

18210376461
13853876504
15618826977

13809752816
15934211111

15116309241
17631996041
13511038305
13916011027

19984491701
13391164355
18838160819
15871903899
13429048765

13910343001
18353108813
13910532365
13911197356

19167871768

18792717702


18600662090
18513785870
18713597165
13264197275
15201567403
15110163869
13911042180


13810717408
18617761997

18738274989
13671293187

18664884399
13311125757
15958143800

13167907703


13736029626


15151952078

15821320128
18089358996
18201319873

13510451425
18519535585

13401004554
13911494914
13366359146
13520697455
15811228533
15510185713

13923837236
15920835543
15173861788
18378775039

13436528396
15175266848
18630656562
15040285931
18730062202
13811424966
18701594511

15110112447
13366136096
13218181108
13032561063
13426342567
18911959281


15910617229
18501266321
18618322982
15904763020
17301157269
13214189006


13426135031
13381152527
13260552983
13311252112
15910664791
18520201811
17612180271
13148181028


18500230714
15831156996
18061611611
15133222965
13536907629

13681940768
19923456689



18600929391
13911636192
15335042189
13811643387
18516949399
18394514650
15185911750
17802923169
18610172156
18620925927
18601129179

18031248485
18353131321
15300221377
15835561376
17620130852
18611060708
18500064508
13316034623
18073155052
18275272613


13911669670
15556122229

15954242807
15102635001
18111901485

18510630183
13185482105
13585123494

13410430827
15952180155
13691290505
18633235969
17610639187

13437858946
13679997853
13911454799
13021906722
13212159386
15324228336
18600358855

15810728400
17764098887
15201271424
17370264441
13934455228
17852662300
13543212352
15804539677
17611226333
13501260319
15236878474
18667048188
18399641037
18951446188
17766422031

13911591910
13864700552
18519527094
15217710869

18612910013
15775818074
13911707796
15597789378
13521366940
15810723283
15612596688
13716411546
18035262923
18511521706
15321696612
13802263605
18031864570


13552905779


13760444039
13810390770
13121668766
18701387102
15010369939
18611060619
13671390588
13064750401
13552128616
13910981608
18258555570



18600577119
13718209660
13681403128
13787053182
18610714036
18341750716


18210111021
13606623039
15612086328
15904066535


13906615101
18096093791
13967629136
18513639747
18614036819
13695781895
13918834596

15801312000
15267099110
15811500777
15230176095

13771587863
17332500115
18202238629
18518690130
18932608930
15251127270
18611341616
18508705627


13366019156
18600218349
13590264929
13911369613
15510626668
17727542619
18025978392
15151826659
18219540484


13693662249
15871405456
13718533046
13910105300
13660470248
13831672836
13161621496
18611966188
18378300251
15270425252
13592137030



13716191700
18089642223
17361025768
13693391321
13717640214
13401112191
13521805905
13552963669
13911014624
18910401419

16622906629

18811602278

17820190134
18771672663
13691047895
18611761712
15221059258

13683332750
17612033491
13335639765

15355056008
17367311736



18924588207
18510208391
13810511815
13852424603
13439390369


15209267556
18220916877
15157970546
18042322912


18910851312

13910734544
18610590541
13260163779
15810213130
15811300741
13651389409


18610107021

15959970737
15034120100
15210800775
17794214649
15901106800
15210537017
13979456226
18210021862
15868952845

17812126906
18101130805
18631865882
15210698662
13910761403
13366110069
17638332927
19810205173
18601081780
13811151043

13911029235

15801450410
15910372338

15373166291
15217153055
18612173309
18910027710
17801623458

18600361505
18610726503
1422411900
17611143276
15300216879
15049313471
13301260029



13811196575
18620434501
15701362337
18513906219
15614229572
18301539980

17769517704

13513018120
13601227980




18274973280
18701369588
18301263708

13520662669
15210377621
13588028548
18709906606

17746514481
13989961569


17604867111

13252469267
13511066070

13501058268
17710669480
18519643603
19195747670
17744526340
18910777056
18101201448
17326898730
13810467773
13001907357
18633750593
13695408086

15205977357
18600332340
15901432632

15321005289
13699414112
18633308563
18516534582
15217689570
15986392785
13726280558
13601248365
18045127411
13714677568
15017111098

18701071272




13810259797

13120413144


18601336336
13331063216
18581100092
13915336339
13810326091
17301131912
13315602004
13501020671

17862183382
13362782219
13971221118
18833688502
15811115975
13611165874
13159752664
15127699554
13426102723




18654121223
18110055619
15321123317
13371636201
19910637946
18600257762
13885180996
18210337829

18500037657
13311199542
17343008016
14747402667
15910716716
15111174447
15270403099
15900768994
13123730660
15076920055
13581767088
13810003777
13538156302


18518674082

18519228865
18060595383

19990871853
18824986132
18800010411
14787888918

15297303097
19835961286
15677429871
17733677354
18310815100
16601130891
13917447074
13716023696
17707959952
15321193305

13794633310
13736060469
18614016723
13339349122
15811158595
13764601243

13640983295
13933782925
13501287623



17821893431


15187624773
18901138966
13478970027
18600463039
15661029330
13801089445


13601009375
15910449211
17611697681
17610855836
13421391387
15119375645
15116998039

13501215508

18513234797
18939319393

18672301852
15879918250
17722150029
13693617784
13426199691
13209926852
15237363337

15820468751
15582873344
15010099160

13521849284


19137627979

18988840880
19801253930

13081639822
15190667772
13911393194
13301008483
15882436170

13679501924
15201321962
18210487682
13611264540
13683312685
13691437670



17331155763
13748365648
18622434756
15101007375
18516875900
13517510282
13911189650
13095877918
17602046103
18011862048
15210866982
18810925306


17822149678
18600738568
15833996689
17619183962
13466511665
15701203439
13716655078
18948203271

15611528606
19916432627
19925600617
18610315152

13335556161
13121882588
18925181420
13521664943

15652389415

13911410846
13560816201
13381286032

18203636510
15201819921

13910445842
17706206960
18518757071
15311395784
15012952522
18233820241

15105741680
17346566479
18003376782
18610897543
18404710419
18801172640
18526767779

13601864007
15218109980
18680630038
18133868571
18279183569
18810515008
18274605796
13894599094
16530911049
18325535052
13051628898
18679655084
15810430951
15110079779
18518001092
13581900168
18810032115


13381198701



13811708667
18201547908
13121587946

13716684386
18201387679
18844142289
15201321217
13522551516

13718045651

18595710529
18911529277
17602857270
13621183863
15701321757
18218362231
13552739910

13810054538

15711136625
18511720957
18500813206
13401036630
15942342479
18611177088

13381373026

15294098304
18701370652
13910156550
13801197317
18046566118


15143024870
15120201229
18077023124
13434994394
19902139255
15810718665
18810985833
13225956963
15942833121
15810920292
18611619795
15066328000
15010896750
18611779918
18519891820
15100781245
18510267867
18610663133
17622815646


13942950112
17310239883
13633335328
18232859744
13796384114
18631820545
18911788503

17614801288
19910278056
18902232128
13801172277
15195660661
13693453828
15597028755
19199271678
18611813550
15801221846
13661624923
17717329822

13352855235
17614418786
13810698760
13560075829
13552367211


18813036497
15930526650

13604003981
15321885693
13641013677
18611981566
18510762460
13716009060
13488880442

13910258921
18563305238
15166409712
15898127082


15210031782
16651586529
13810838620
18601196608
15678005284
15242133922
13242895509
15185557543
18310253976
18001393076
18310915227

18701621833
17611752180
13552678762

15110273739
17806350396
13676211788
15204983140
15834079964
18701106389
18201465680
13601261076

13048988507
18375732677
13805656049
13560394861
18375566978
13521813453

18677549833
15641956233
19933328499

18612275772
13651697383
13611298612
13439191068
13910306021
13915520964
13770822837

17813222593
15600829707
18667049194
13719775652
13681214945
13724081847
18560086268
15315380725
18601322134
15735505041
18801199517
15920995705
15801563876
15001379460
15801193039
18502086841

18500330552

18678862927
18610835393
15810421997
18511114343


13311150876
13911246081
18622337123
18001396886
18771097170

13642189218
18801109125
17859386441
15601359285
15901184975
17701290976
18610510331
13641289218
15093690917
18518288636
18045636978
13801096007
15011369808
13552924452
13621287805
18641916805
18611932191
13520786125
17751922807
18741908275
18895377263


15728631902
13703099299
13466747528

18911357925
15701393527
13824678762
13726959055
18888854123

13912788487
15001993430
18651666227
18612973460

15801062846
15392507976
17839941728
15910519010
15210105377
15811161919
13580321375
18356075451




13146586834
18811389540
18910415681
13260013520

18234587413
18622970381

13672097470

15811098349
13112279413
18210870313
13466383445
13940169719
18911909689
13716154735
17685811225
18618285926
18610273748
18262612412
13691259542
13160123188
13297097202
15211631241


13521761218
18503131315

13520379197

13718853825

18110129932
18611848176

15904046865

18731237011
13668003923

13510979604
13539797363
15911545937
15152705566
15353092403

15210684434
13911335240
13811895022
17640381027
15504479448
17310578734
13969463746
13795661531
18601375209
15922260106
17638681989
13140201944
13838401286
18101092819
18710185655
15300337345
18646830829
18518732519
13917288993
13911363942
15110256299
15810853539
13488618616
18831080233
15810698535
15063365057
18710258501
13279276368
15810027653



18510789466
18990726462
18049265438
18765430098
18903222079
15961555870
13143420720
18331003226
18511352443


13805010237
17862926453


17352156551
13842083797

15766564229
18511057032
13585089346
16646355888
15105183023
18377192773
13828747397
13808186372
16635186864
17310196656
13437893212
19924689209
17800000000
13910091502
15899628445
13801089970

15675402159
18810376328
18382071109

18692251098
17866582287
17611335757
13818458547
17600355026
17600092195
13798642941
18513338787
18731693590
13924612998

13584011066
13699785359
18910790613
15210179069
13838220943
13552663425
18088709633
18858121672
18846679012
13521021505
15210169530
18910036111

18600828556
18677995917


17777818232
13725990229
15157145553
18579815623
13516210096
18910435165
18526517652
15600222200
13463540345





13716068941


13811433710

13581949259


18515055441
13910515965

15952809770
15295299900


18664440920

18003022227


17600383106
13699143663
17701131826
15102639100
18031560642
18515151549
18610965980
18710049938
13627369365
18001245098
18811521838
13910826572
13928637858
18144760724
18275795942

19526289356
15313156186
17778170315

15028369439
13331885508
13651015131
18513562664
13718342846
17600539623
18560019685
13527445330


15849582524
15606930983
18933358631
13810148609
15633221544
18612701779
13436706819

13893964319

18806666732
13161678625
15698910001
13810189065
18600813859
18510125662

18609107198
13523647297
15227065205
17788773019
18519851976
13521686722

18736004480
18967318258
13301166353
18341449109

13317347630
17623852836
13826706257

13811942728
13581680328


13810750601
18314533010
18709225946
18611554313
15901285945
18518637357
13764857018
15622293088
13715037586
19924828815
15910108352
13601138582
13911737593

13910807093
18686120861
15717691052
18601398832

13811201528
18406407869
15097430708
13021033033
18611333571
13889911333
13552515233

15201420881
15522945261
18510365777
13146669256
15652910558
13910098830
18129180111
18640388442
15510570653
13581813021
15117916390
15510035106

15010933594
18832609557

18317778128
13811958401


13810269218

17701392005

17729329353

13120271820
18801189841
18120053111
15911123720

19920010074
13426045357


13721722992
15811212798

15901537209
13671029641

13120015357


15083785551
15232339457
13891906109
18612189840
13611311217
17553756673
18710086507
13910630379



13701071667





18510989880
137797904155
15801581918
13681146019
13439697337
15805877525

13833366352

13156113103

15925429920
19915860585
18610760988
13488865051
13990856608
18293187584
15237412301
13620417113
18636212448
13632714353
15110241663
13290264978
18928033413
15753860011

18601149705
18001126371
15801501023
17611638815
13811983366
18543210145
15770853417



15116969585
18046517297
17810250678
18910632871
13161679079



15330272784
13146069866


18001028557
13811136509
18618130297

13021194046
15601395508
15910604074
13503218377
18701418695
15901110255
18210879066
13718394559
17764098558
13910382083
13683001910
13801003872
18604522088

13466335172
13718116172
13623263086
13821563712
13830075705

15668583533
18621268173
18908491168
13911850135
17601607930
13801075381
13310969803
15545186066
18911223549
18235119275
17689229349
13366665332
13922881337



18780369086
15635571206
18410867929
13552112299
13051608386
15611959195
13992442858
18954000679
13031126168
13811441471
18859663778



18612882822
13716380043
15822445202
15546256665
13161886406
15130336930
13501248710
15811218581
18232162856
13520330201
13704203708
13439772817
13531454905
15811066495
18635401966

13911122732
15811824442
15210355372
13554763254
15901225828
18811524749
18511337155
15901311851

13910570948
13581693156
13718665815
13261253821
13601690223
18810947569
15728041519
13832291330
18803097270
18353570237
16601153977
18611197043
18600015903
15270287020

15593331128
13830385088
15032862515
13534200723

15123336147
15016910872


13527566181
15852671877



13332977780
15801126025
13810473860
13810502105
18924589724
13764713273
18310061271

15010083079
18547771632
18611418756
18864327420
15801609950
18612286329
13720839683
15194236078
13012306686
15810778361

18622064251
13664258357
15910450372
18568221299
15010625727
13269511681
18612832641
15371435139

15150549272
18724506507
13811344223
13383059215

13810304190
13264462005
18600990443
13840216363
18710070480
18798015853
13699778095
13699203836
13911273209
15510101712
18248472689
15910936601
13801198641
18600405010
18516860089
13801327626
13811952365
18515290805
15515031937
18822163723
18802781226
13811906846
15074011131
16675366541
18231391928
13472221471
18085237535
18910338335



13911601232
15038844012
18409781092
13167517200
18610373285
15292150815
13791127229
15812356408
15113803102
15807558533
15845561099
13043485704
15204022708
15710913558
15085801957
13911403245
18801172768


19933785662
18600887220
15814069435
13311175133
13701063132
18910126110
18601254506
18810359613
18611375963
17852241936
13717950278
18501039611

13829379055
13031014515
13601299446
18813071450
13911575761
13810649235
18518537264
18311318020
13701255974
13071177851
13970003541
13601287520
15709487069
13261162295
18610599003
18801276227
13910595094
18268323579
13373162281

13524644365
17739979431
18832353283
19565182036
15308889337
13683175121
13600775655
13911301700



18500873937
18678342387
13611901347
13691590582
18511359391
15152886819

15033267597
13321185309
15611872911
13652858092
18883645103
13910885381
18401448093
18233039513
19866434473
15767977848
15631365335

15114957207
18611134354
18901196601
13710926257
15701526802
13357330196
18515513885
18600111866
13911639601
18810850056
15210078302

13581843135
17801766702
15132599963
18140215787
13478457674
18686511023
18612141137
13133901493
19867721613

18001029072
15135799968

13878900988



15911185642
17724022083
13560024375
13993069162
18073930255
18666103863
13714354224
13600099098
18758326231
13810205699
18701339151
17310833264

13144897275
18500278946
18301139205
17795584848
15862159700
17385217701
17741790915
15708325127
18201054566
13691218886
13932544126
15547082753
18301086104
18010035361
13152648831
15811400109
18710103904
13650754855
15814628869
13543866212
13717545324
15541945715
15606677081
15652304689

15818954407

15011191270
13581882889
18249998923
13466559794
13435779594
15220383013
13530632705

13421977938
15112308386
13830647788
18674825251
13911451235
13910100139
16538386666
13811981480
18975027188
18611352265


13071171507


13542125478

13542145235
13551883604

18800112169
13466864898
18513853040



18511993650
13563589635
13454981258
15232118550
18686043376
18167890426

18604289393
13569010083

17610681289
18246651384
15145586434
15113595683
13416152009

13426049712

13650736214
13822941696
13570025406


13681381616
13625417412
13502086568
13522199372

13651025150
13191955932
13910134997
15319957017
13439651009
18601357938
15230207676
15810887508
18514210752
13001183728
18518758304
15801448677
13911130315
18611131488


16630312351
13585842112


13509687770


15812818114

13263536985
18819954910
18510837780


13520508492
13260003009

18600921230
13260860920
15006673013
13021997847
15910614484
15935093617
18379194576
18639909090
15821667517
18734599157


18810050252
18611584916

18443115571
17561509909
13820904804
13011065355
19108467800

13584166486
18976791218
18152727267
13693303374

18310053850
15512462368
15941672837
17372010606
15103567013
18600163361
13794374194

18691797996

18831432806
18611920105
13611357996
18201209403
13366282119
15663005662


13521959029
13139707797

13381280116

15611929927
15011060538
17611632377
15850513313
18516838812
17513270963
14725025044
18228416808
13681300162
15852395810
18258198565
15600378507
13881572947
13501598627
15652081526

13842390929

16609992136

15070650688
15717319658
13713491359
13810361646
15138061163
13924917455
13648400070
18612777905
15810326616
13910667931
15210116381
18110971159
13811932267



13656407190
18485719846
13566740266
15810489414




13910711137
15393667389
15209698375
18010091683
15321681336
15012907693
13521990486

18601613935

13910694111
18661391692
18327438478
13381039389
13060857568
18611983622
13341196660
18911323691
13141312412
18033233833




17640516521
13542344374
13403237533
17111087225
13436940878
18710040923
18272061114
13621244209
13552830136
17727478271
13811856024
15028380638
13521182088


13893181600

18871860262
18310872436
17602231873
18101209895
15011054123
18761567791
18500354872


15901155155
13051452167
13901082935

13908532508

13910279427
18519836225

18508435416
13928544648
13288801083
13612766099
13426276658
13974665556
13681080524


13942235213
15040951125
15010409112
13132232790
15901286215
13366357798
18846772312
11355555585
13126696987
18306935600
18518699751
13601165039

13910278936

13916520656

13810211789
16630779765
18033441879
18701457302
18502795823
15701660934


13758979188
13720094864
18563210603

17693209569
13121078563
13658517174
13582548661
13156830095
15195797886
13654455555
13801086046

18500795003
15210181288


13853039496
13093926264
13264123118

13910513133
18510857925
18604945830
13810613940
15210016689
15719326328
15231208768
18745888823

13064653422
13364421000
18501228112
18600685266
13625417803
13121085231
13911694386
15809180664
13140155290
19537506353
13251244612
13502404449
13612889216
13552927756
13515300650
15941262703
18211164921
18865380573
18811003708
13290126076
17705469576
15600105968
13346332116
17301075209
13261342800
18698453927
18513666911
13681037221

13387577557

18988510897
15110180097
13802450249
18701514363
15645652011
18210165488
13332321007
15001004556
18613367923

15652631077
15081032368
13213213213
13051396186
13978892702
13718377416
18600558661
13690666906
13684587563


18348266884
18814413289
13046170546
13531721522
18310829303
17727955309
15910589719
13823384517

13957893745
13811107733
18511577790
15652550139
18001329218
15120026733
13352068328
18642716903
15960095539
13798496341
18911687008


13661323334
18076435421
13312782581

15110758207
13810500992
13503899033

18132413515
13657736998
18001317715
17746582803
13466732682
18810798898
15954999881
13391736821
15210534831

18929909071
17312750702
15011591040
18747327735
18810877056


18746416121
15621518025
13241933428
13691194704
13716590849
13811345592
15111103229
13126828521
13811233321
17512557014
13810860205


15642963664
18931192914


18612525520
13782647824
18213387753
15582470356

18612715925
13121255739
18500483527
13581844319
13718671846
13269077771
18610389943
15027619202
13691190720

15233665586

13414864307

13931751091
13838384389

15801370958
18201028543

13808806528
15201374387
15136450912
13522862735
13161211938
18516896878

18382309434

18678399016
15174876586
15344111976


15701236888
13521975844
15001107421
15001013597
18208080901
15641384665

13870819915
15810859498
13010954777
13552514915
13521365029
19933570501
13311533608
18610507693
13285987702
15135173647
15652326888
18648861141

13986283858
18191594286


13808800359
13121009699



15832911388
18310158340
18810427071
15810945646
18171419023
18519101808
13513605692
17331523577

13928362601
15541112128
18310372272

18519401332
13652147474
13147588886

13899076543
15733187845
13261605905
13552262105


18001196035
17777938801
18538053616
13910852165
15110065373
18600416767
18910139909
15773633501
13501305385

13347665773

18611579687
13810505699
18928357246
13099926925
13631369888
18537859190
15019904283
13760241538
18933633545
13068827936

15811050164
15810549156
13911899721
13651136396
13401148739
17807729570
18610056658
15913365641

13811092946
15603193634
17310710729
17859636563
18601331616

17600571593

18911053824
15001354084
13800624597
15992920547
13828754528
18675155720
18049870601

13801317150
15713241803
13294127811
15930652493
13923813386
17604793386
15017680137
13718571567
15228618035
13901134479
15901160331
17001180023
13701381229

13810630864
13820097621
18601045321


15837189653
18614075132
15001213170
17703275696
13581829322
13720025620
18768898713
15110226551

16601168343
15925085133
13522915275
18515391404
13311255380

15297950735


15801612507

17344414149
13621200068

13811690260
17718370620


13539880126
13546367847
18722622348
15002564178

13701127437
17710626527

13621003770

13910875610
18235261175
15180689278


15033665103
18272627882


15010255190
15510810723
18518134185
15011218288
15944719978

13472519694
13681340863

15011291642


16626353536
13422535389
13752392551
19864585458

13861759623
15110157089
15801482317
13552679845

17665382333
15817339267
13810880005
18910846482
15218941820
13822135790


13422137843

13827756065
15857978101
15053096144
18661308830
13230118114
13718033190

13901222235




13557199957
13911120461




13752453198
13226633217
13263316330
17710033395
13928083125
18210141578

15812868086
17666041823
13672455230

13544364360

18600293862
18301692256
17800234120
18287064920
13810902300
18600583887
18003432930
13792108360
13910784618
13410055089


15811337205
15201608770


15510461027
18211955304
13872162693
13720051314


15820402191

13911709891
19914671805
18826982211
13570292170

17806285229


18529122999
18219000118
16604753286
18201636063
17319056617
13718111540
16647550624
15711275703
13671078882
13661377838
13676007580
15615515980

17816952133
13278611876
18703237192
18600255727
13260002512
18910852817

13810854845

18901168012
15101031138
18502543097
15930341462
17750963682
13718318079
13520089768
13261178967
15510204704
13304631230
18811212119
13651102469
15130928802
18910974643

13073057966
15548140106

13146380292
13716831909
17610040762
15242222808
18925220188
13581771971
18610532110



13552593229

13511032177

17713238877
13552346830

13310896205


15120070213

13901045196
13510089570
18899761944
13422608155
18600281951

13146267890
17647594472
18610562139
15116976725
15901020826

13920271009

15010230516


18155494989
17831935255
17633322616


18500196186
13936502414

15001352612


13269481470

13913625662
18691561910
13811868357
18510994728


13810026586
13939080102
13521228583
13910669151
18856237236
13693162940

13276517517

13693130820

13716359995
13922891827
13570294947

13681106494
16601045421
18560651103
18344000307
18611101204
17800321071
13621370553

13955976990

17767659069
18058494869
13371550767

18834026213
17564313666


13340014416
15252482157
18516987922
13810705641

19140374576


15811025988
18610823982
15307970737
13964989560
13619210575
18607735949
18998006608
15600556057

15940874055
17738724145
15848269435
18618326055
18310781471
17310558656
18513687007
18022958007
15120042369
13934667932
13856513288
17301066181
13807821362

18999684641
18683139816
18999905539
13258236932
15934012158
17854256270
13910689817
13910169619
18664221615
13625485235
15733628138
15811507241
18801391770

18676160872

15914877053
18959527027
13401059504
18610871139
13520662028
15811013950
18310835860
17612719781

18803307973
15989437872

18601346610

15911024283
15001005218
13601237956
18719278826
15532570728
18801359668
15102262250

14785597535

13412209481
13581936930
13331092630
13911606127
13718421944
13901358634

13651023818
15600081188
15811401377
15652925782



17319310330
17862257800
18302481000
18612372110
15210969558
19808226051
18608166895

15501407006
13521327261

13552225143
13671021612
13372353951
13910582310
13875281167
13119970900
13671119177
13885546668




13552206783

15210500375
13911158068
18351602958
13666981818
15326701567
13911933128
13910753519
17642215556
18600840465
13911825135









13753864776


13811414359
15530170637
18518282928
13911299698
17783576738
15518976699

18978375448
15711080618
18846185090


15011233936
18610010062
16645262586
13034962127


186182768418
13910687026
13051613676




18600726647

15811303161
13723707690
18810482779
13051704335
17640143463
19165601349

13998573709
13488898942

13511028044
18910551913
18098947954



13810157771
18519707081
13611299076
13810935035


19525887413

18510801105

13401033458
15601399215
17745688816
13121416272
13701320377
15011305796

13146005536
13901114369
13910996250
13910220975

18610155818
16619981617
15810225834

18261809055

18701212123

15810681273
13241858671
13691062026
13691083249
18710272855
15811262705
17111770122
13910091870
15910388661

13910663330
18701318685
18210806605

13654960941
15848751926
18600267968
18511277960

18210046213

13838537707
13911673311

13269370708
13911685590

18611067385

18800121580
13511732612
18510218323
13783026787

15810663701

13480546777
13681463173
18613817516
13581785768
18234444942
13701332219
17600296467

15865780850
15510952214
15212101327
13810023500
18210678936
13500264833
18610529051
18222269386
13126551319
13910605658
18399893652
13611330602

17516780219
15726618328
18623091528
18610808013
13910664935
15313136621
18522828840
15846554846
18977094298
18310707217
18810353506
13823243259
17835398821
15887061821
15263520842
17611134123

17637468159
18283693250
18832970544
18611974656

13903072295
18090058516
15776979658

18819440356

15611660001
15384158457



15585994144
15116937149

18765303816
13554858023
18993737590
18157715857
17860740361

18811335935

18846420201
18278959255

15130203200
18213713650
18601123776
18604590457
19939502388
15712839404
19906565378

13581538812
15222536237

13718341753
13917517971
13948301887
17302641691
13426315812
15135738876
18834355821
13065173558

18069045865



13031035515
18688755275
13556640588
18801072969
13126763417
13910046685
13903021897


18810618954

13693331053
18611146954
15867501552
15058380500

18038285666
1533600522
13969191093
15011512262
18500550987
13864199899
15044802878

13810755156
18519803727
13212196652
13551187641
13810752036


15810276362
15801527451

13054490024
17384080308

13691051957
13910711960
18201101685
13331291491
13699266701
13581678824



13681392926
13520385537
18610059278
13681055228
13581646450
13011878344
15010066286
13717491315
18600526928
13701025009
15866736231
17600573240


13811380556

15011210092
15010999254
13520998224
18916481917

13901365462
17862802092
13901204777

18911562013
18910841965
15801353043
13718836634


18601162690
17631781223
13571831130
15933593958
15810868293
13811718297

15311366385
18513522231

15175708302
15701580045
13161685172
13366133652
15632699990
18531281923
13788393557
13699229530



15652865785
17501063755
18340830839
13089659875
13167716989
13584507798
18910365485

15601746567
15811369695
13401003213
18104349707
15117920352
15128457469
13621325503
18810738836
13391611032

15011322536
16601167649
13910989183
15130461614
13985240713

18701359559
15210518630

18272686757
13718094695
15801496675
18601072816


18210256801
18701643093
15811351352
13911362600

18846102079
13901164048
15911040013
13929205038
13810318511
13822888688
13269003775
13581666785


13520816041
18610081745


15076647278


18301238782

13693340161
18611221987
19127377418
17671704242

13521927165
15911141230
15140119410
13681165521
13810201918

17328383731
18937553222
18611954810
15910477818
18911332009



18613889250


15030225109




18600273939

13923078092

15099961955

13366002627

18177431660
15801655670
13993261026
18814111151






18911315187

19910622975


13044367776
18211187151
13581540306


18830071718


13810226356
13811955381








13556856223




13488653994


18001181700


13761987927
13658039792


18072875817


13605185249




18686785769
18600668522
15524546675

13436684796



19816735216
13121222068
15811080746
18611156285


15947494056
18307000666


18211827919

18379203497

15305739316
13439194852
13810527631

13691393010
13967534311

13439037190
18141923072
17328014819

13436866143
18782044500
13661231225
17779006987
13811660586

13501271681
18951690300

17611222972
15238771707
13811073776

18970100782
18516818828
15639807063
18513089276
18146646431

15210579560

18726385060
18349351793
13601053123
13141118537
13811829340

18819422223


18368122518

13716492754
13718517476
15910663736
13810403913
13439963659
15201937739
17710349698
18500070940


13321156531

15986976889
18001287807


13920804925
18610884523
13306135849
18136081797

18234118534
18500219989
13452199206
13501310124

13910642700
17309762100
13194631144
16600241218
13660304899


15652531003

15706804993
13811805503

13029527642
13892235600

13079938406

18600575109


18500335548
13717912769
15307399944
18106355583
13370174506
18810084812
13930980867
18648283933
15311283301

18664693558
17392084555

13611306332


13641254189

18435206298
15621282095
18013106760
15901023623
18910721083
13651090321
13761531397
17356097190


15501193693




13552078188
18631370203



18923217705

13823111990
15810417503
13260030807



17622929034
13021144313

18102709401
15095258269
18600706689
18800467146
13970490988
18910999776
13018658606
13982130326
13241821046

13911891114
13911263761
18927788288
13261155907

18611438833



17600481825

18110129150
15011345175
13728667983
18301560527
13234565636


15919181427
13581551786
13522509873
13662851581
13928808512

13670029274
13316666433
13844856797
18600746664
13699116563
13580398685
13718847313




18118163136
15701031903


18519785850


18641020002
13810789150
13945455650
18383512349
18632590317
18401768344
18701625087
15357907960
18707086642
19903175531
15946436563
15901167574

13306514849
18201361225


13521769645

13695311969

18631622116
13425978831
18539699702
15888865678
13965545089
18138489321

15010367258
18601278052



15120037863
15007948003
13488791817
18511864868

17615810937
13311177667
13552481018
13811921755
18932656886
13693312523
15801136064
15876683500

13632612715
18066799004
17611245163
13810231466
15010413530
17862955237


13311328725
17718380715
18810335121
13613652327
13641352916
13810408668
15201325322
15210245130
13001026524
18103815528
18910965121
15978338930
15010818104
13910803236

18001139156
18610738273
13699787277
18612418979
17610668852
15961025188
18711122810
18500567091
13699150935
18612112257
15901187202
18210163966
17610910212
15901170135
13581603819
18610508104
17600470126
13691008966
15698770808
15730324989
13120307434
13116156037
15652901894

18516990009
15810985079
18810510545
15633830603
15903245058
13683549681
18612791220
15981890105
18801039987
15811141775
15692331169
15249183059
17600815116
13689900098
18600083169
18222096213

18813182452
13311577925
15971628263
15210436802
18301659661
18210718808
18910587723
13011863750
18210101970
13161745271
18601237758
13241028111
18292802204
15600596880
17795598776
13366249580
18157836788
13603117712
15210155739
13391584110
18618458084
13922889976
18924873358
13172570257

18899774103
15918878931
13413156360
18617143968
13714957475
15013580860
13751159223
13712544326
18686657824
13926538964
13560000169
13763330524
13450354120
15913108811
13724059427
13823761222
18811633909
18688975054
17688896033
13392213969
18102256655
18898561860
18682081743
18776007488
18665370206
15122609505
13049173512
15919951096
18645021656
15800046484
13590176913
18319606679
15914072127
13239740999
13502352077
13570465783
15622520196
18701382511
18028022929
15915826474
13828098058
15816311926
13500172680
18825763145
13660090909
13570244389
18825146376
13714933333
13424231315
13560120322
13430728909
18922417813
15989161670
13693162114
13048226056
15507536221
15768635697
15323883900
15102729103
15625003836
18312533860
13412253047
13682466816
18575625677
13640883401
13265806976
13803932286
13631320578
18938688148
13922362989
13822204737
15602385579



18682145482

13552651899
15712855386

15101036528




17612265388

15718898020


15101188518




13693604914
15810105232
15120036016

13810071780
15711497262

13693146128

13331197651

15600598480
18161110291


15001348897










17611100601
18632279507

15122886642
15010232735

13835287711





18510770601

13521128797
137169638**
15313111209
13426023253
18682362280

18813022439




13801070883





13910662199



15653215210


15252038192
15011173560


13261494111





18697187372







13810315996
13811261807




18960292753


17611341120

15101583741



15233074201





15144857008






18519350397


13923152372







15311429068


15313602765
18811753979




18511693356


13632484110




15901262833


13303416735




17710240895



15810772734


15019480922

18501282848





13263239192


18522923488
13261216811


13813012249
13521434631
13401182377
13240211000

13683236403







18910712396


14795085678
13384846963
13835499533

15622355258
16653176006
15232330707


13611389214
15510111763

13811518560
18665853862
13716009960
13811252626
18515960943

18618451622
13521117100



18611339127



13370121136

13700622738

13302987798

18123785553
15836623777


18618112810
13265301745
13663589902


18203352013



18332239735
15620515583

13325297598
13807913677






13718848727

13718838356


15013422293
18319469950
19876577732
15113666636
18629356201
13775517165
13693110924

15863443095

18339831582

13034952085


13691529230
13501197005


13731695258
13910205290



17853519205



18811393847
13014286317


13660658024
15910371886













15600787528



18601155035
13951626204
13601268143
18182049806

13269649621
18302980810
13910138902

13269661048

13601314906
18314559798

15871685062



13902226003
18022763997

13910859820

13716797512
18810506766
13601055661
18813052871

18927295881
13915558890
15911121794
13691244772
13910250256
13522644286


18616800306
15313029636
13828442777
13555772669
15810329083
15538716183









15210729789

13923588671




15116939791

13827510538




18612248408


18710117117

18837916767
18911728399
18210302297



18601507707
13661155196


13994314852
17611671220
18511264135
18028778155

18311039475

13829206810





15910363437





13810597066


13727881855

13429176965
13611319244
18611670022

13582971097






15613629469

13502658384

15810770253
13676398796

18612695268

18610112239
13767403391

13910609013
13621221690
13701014867


13186003018
18911226900
13651555550

16619761104
13206823030
15992006348
13910523266
13520270109
13641283634
17718585832
18600325785
18510292688

15536383365
13426223817
13811938037
18811733109

15620106148
18910271696

13861707810
13114869555

15771255572
13901145174

13521619133
17647474786
15810241985
13585353529

18022225955
13358006177
13161350309
13901316635
13830658998
18627905253



13662219921

18031661453
13121750180
18610173255
13699286565


18782004013
18801345423
13702306590
15927059005

13969782688
13261681142

18842604573
18210201556



15907555898
13810432158


13917903113
18904278963
13811313339
15098879265
17801459098

17601013600
13651100306
18002479796



13910062348

13504277517
13651198190
18813024824

13910668877
13311258228
18669811708
15201663520
13801308079

13926139936
13810460087
18573527576
18600678793
18511258820
15569287999



18601224488
13683323710
13011194646


13601264731




13801296297
13681427784

13764088786
18247651292
17269696074
18511717989

13651269527



13701089752

18852785116

13911022717



13810188582

15726699925
13661321455
13263173560

18611794450





13401095030

18801256108





15603177727
13910502031


13375558595

18219449461
15800925122



17611426101
13811802480
18510754050

13520956977

13001245551
13910671846
18600213328

15101118072

18600213286
13401180509
13811808586
18513807752
18510168481
13811667784
18926787668

18911089789
15512910057
13818669713
15054033616

13593201338

18618241982
18618241983
18661728912
18610035713
15847277519

13759437130

18611962950
13691287876
13910129655
15390679929
15201499091
13318398061

13708952265
18211048767
13581815069
17812093895
13979844546
15801099440

15216041520



15300333286
18607740065
13693237927
13510768172
15001919201
18518163159


13718988663
15300026323

15210669245
13581617488
15800744732
17017268602
13911250853
13602102188
18600918251
13901263471
18500225718
15652563471
13811152154
13969598695

17792413419

15001131399
13009847391
15600771086

15679282853
13358882999
13241923939
17731945552

15811214023
13910060124
18911646867
13393327852
13911057928
15110245601
18210224574

15910560708

18837918000

13810193805

18602705688
13720081725
15665776617
18648621245
15811018655
13450758844

13070076133
18911470144

13121817840
15900246731
13426428589

13161723616

13837465890

13901215020

18603359656
13717568261


15910781011


13621163086
15896547823
13810461238
18910988152


18642012112
17339881550

13683111508
15010960252
15343724635
13701101045
13373162016
13911769338

15801320306

18741875096
15735179198

18612304406
19809215196
17717373679
19901259247
18911300393



18610168251
15810091276

15811168125
15101588732
18600378341

15810287156


18210285207

18511764121
15651601442
15503617440
18811553766
15611988098
18137869269
18519653408
18511663262

18201022937

13949232597

13815892536
18622296321

15011082914

18618285383

13811705827

18633427188

15801651121

18618487182
17718367563
13366245957

18513133537
13473105343

15801639328
13621016217


13810682705


15210050575
18920551179

17600105254

15210507501

13612059315

18113289556



13120453011
13581703485
13910685718

18222934479

13089958285
18318496227

15676168529
13811756716
13426279251

18006372603

15034390293



13717587136

13511056610

15843766047
15321358067

13278973882
15140366883



13581820172

18310048903


18846929670
15010019169

18300207916

13466609419
13501204191
13691069928

15910707306
13701334087
15937172672




15630569955
18201491045
18611597891

15011221308







15901577872

18518689272
15201538996
18701593106













13759885929
13014885555





18384229288
18134973799




18627059691
15811310818




15830293191

13426932389

15389123295


13716784116





13581956238

13719196860

15611677139


18724191022

13581964042



13789843635
13811873755

18919801458

13011153480
13167527398
15822942309

15911055452
17310352062
13683521214
18210828079
13910656675
13693030939
18949826165

15989394746



18811353928
13240892660
18234158768


15072582727


18715015462
15280337645
13121750521




15523224106
13621049515
18089803678
15847214143




18120175323





18310412608

13261823000
17604376059
18388477609
15343580914
13811695370
15998928505
18801433787

18811781581





13591383336




18518177888

15095396994

17680460323
18877144287


15804604659

18121379923
13729069979
15007223231
18278571910

15859978161
18699509070
18513993020
13910678780
18865910627

18080798591

17718391631
13911623192
18515931619
18611228116
17603840258
18337374248
15290289962
13681249220
18735653996
13810150518
17611209262
17600204941
15210957300

18520101646
18600343256
18301445523
17831128575



18285913852
17710616967
13788183472
15911113972

15210160296


17600126312

15092387108
13436839616

15024113909
18212057737

13472568592
17712852425
13261732468
15604028810
15010190039
15810525808
18279686785
18631620243
15086772396
13521516809
18513038984
18500081917


19882448109
15002281348

15608200131
19983213133
19852795810
18920916653
13890872207
13311192367


13864909358
17733638311
15718861268


13574787646
13573190531

17610362107
18647550660
15275006165
13311292910
18394006169
15910462372
13691192446
13601637457
13261014265
19821123781
13263212797
18579127358
13829131692
15334952519
19800322835


18354218109
13521005137
15801340661
13801317965


18888179726
13358568952



13520023399
15510446730
15249511840

13414885549
13450687680
13564989172
15321555991
17703792088
15884683320
15311911080
18790428077
15001061846
15112787878
13961783901
15102335001

13681951232
13562341732
15840900771
13241796269
13486126936
15147953420

13111325650
13269908033

13521898020


18561738399


13051601706
13061225799
13701221293
17831003671
15903556781




13864382994
13697735451
15069086168
15255563494
13661288083
13911976411
13716650837
13018526389
18860829300
13693067981
13139919004




15103209080
15855080610

13811918803

15810671876
13581759501

13581789704

18232157299



18513115982
15313014580

17551057216



18822020711
15601089880

15901445538
17694912910
13980705439


13869491028

13824305253

15858160734
15215657646
17805969053
13011211273

15031231135

15931624149
18786873905
18021867833

13729001729
13718081968
18713479817
15339398162
16637629075
15600002555
13535049297



18438148179
15600722123
13718498644
18610811587
18610193560

15110684985
13739322901

13886305389
13663268809
18612645695
17373037560
13371721354
13439777190
17841556650


18910178705
15210078250
18810883676
17306011697
13366621257
15075621870
19910785214
18600017769
13641172400

15293719552
13703886303
18981560321
13641781786
18404357551
15077817153
13660728486


18710101631
13683506149
13521231842
15040363610
17695982265
18295377208


15236907340
19131570521
18395708037
17800292612
13203352054

18943015591
13683203489


13701895731

17665426005

15010455038
13716052870
18500652884
13521672891
13699288908
15117901246
18534390105
15601238603
15918720998

17695988852
18611508111
15933126316
13911364345
18844051888
17810600527


15712801073
13611219583
13911402419
15139421285
15248142898
15940121829
18845561333
13714001269

15756162777
18840000933
17003450999
18601619826
18385867324

18851626999

18784580213
13725949356
18139959696
13127229233



18319554190
13666400411
13092741565

15862702469
13516169193
13607367309
13969731939
18688995933


18033892216
15253969611
13951843899
13271411596
15900188662
18140146373

18914604511
15639455994
15222255363
15210010026
17689540510
15715156151
18651656736

15958125061
15139627205
13735822101
17611580033
18883618384

15020817867
18036917676
18036303999
18198571312
18895369025

17319195854
13554304948
13989041961
14726645246
13361012824

18545600757
18912927448
19866135091
18135457339

18526678363
13752465830
15896286139
18506027581
18665661019
13594729555
13862171626

19288387370
17854007760

13615970025
15830768075
13366679858
18538752704

15221337785
13960269690
13172907982
13918186939

18572669997
13990052045
13757409979
15010595485
15369525275

15531675119
13352898259
15938825388
13775393538

18743174388
17708800528
13552525838
15813066388

13235068380
17683826847
15056973380
13671016665
15618964652
17749781119
15931899998
13511051883
18823088835
15210121627

16621611426
13088868922
18758265958
15836139668
18081007247

15969478727
13818206113
15201948207
15706295889
18235101323
15128266346
13820297559

15510455197
18500508852
17521792916
16629312262
18713020808
13718390587
15812490750
15882216181
15002188481

17269677423
13119555249
13386058451
17710787717
13533808219
13150917113
17789678674
18765801897
13828819194

13701135389
18600282347
18105372317
19138111872
18247342282
18068860080
18795972931

19524849527
18771198888

18614546666
15999300250
13896293294
18999393888

17721172236
13643330074
13261293867

19973517678

13867894960
14747307145
15068758286

18342583577
18846454935
18334859572
13587110958
18511533191

13837131344
18182902859
15114110781
18747542606
13752290950
18314568083
18711319086
18036722563
17731066668
18651330789

15802224400
13337719219
13023301207
15969729355

18718575761
13480517248
13671002414
13752413143
18220652497
13880960957
18548101006
15979030160

18675365616
13085066557
13214240228
18513066400
15213338781
18515062620
18680842199
18038967318
13650510007
18113566999
13981298530

16676966676
13466605253
13911557086
13820016663
13837843595
18981670700
13982023847

18844594091
13096927914
15940886189
18677819786
15325398989
18635145195
18511555968
18686660112
15347541919

15610382885
13773730598
15512611882
15724724946
13941910176
17777104810
13812382895
18009713656
18580866373
15345572086

13910939359
18207428642
18202691456
15088059855
13256386680
13302128831
13878861654
15058090685
17727931915
13962269688
13237191565

15887149212
18211073061
18900126607
13836868041
18033544875
15684020663
13922606660
13907000791
13553862628

13916455210
18917200197
15281062706
18002161919
18013151915

18598089728
15625271511
18670284999
13410802711
17702519366
18867133975
18048876992

15882233803
13454820244
15677290853
13304510008
13728423777
13512827771
15620588694

18321258734
13464880931
17857335949
18620099668
17543509077
15951735888
18342178999

13974763910

18862856062
13091247230
13922196635
13671532252

18600166212
13937065807
15618191603
17070846666
18626006288

13520685376
18952202177
15158863305
13952391215
13275973357
15866623087
13112902832
18068658029
13025452223
19983198971

18500059606
15228277712

17717277950
18212195618
15862788211

13426110078

13728333363
19852898832
15969869126
18632912280
13516133769
18084070627

13410016795
15215239312
18910582487
15978390990
15250157638
13814946120

13715332027
13823722981
15021078041
15639071202
18120183619

13927463688
18783674079

13451620213

15002472004
18252115385
18827379892
18860970627

18818842858
